{
  "id": "aryangupta30/simple-house-prices-prediction-with-explanation",
  "id_no": 49404371,
  "title": "Simple House Prices Prediction with Explanation",
  "code_file": "simple-house-prices-prediction-with-explanation.ipynb",
  "language": "python",
  "kernel_type": "notebook",
  "is_private": false,
  "enable_gpu": false,
  "enable_tpu": false,
  "enable_internet": true,
  "keywords": [],
  "dataset_sources": [],
  "kernel_sources": [],
  "competition_sources": [
    "house-prices-advanced-regression-techniques"
  ],
  "model_sources": []
}