{
  "id": "abraamsaid/spaceship-titanic-eda-predictions",
  "id_no": 46336375,
  "title": "Spaceship Titanic \ud83d\ude80 | EDA + Predictions \ud83d\udcc8",
  "code_file": "spaceship-titanic-eda-predictions.ipynb",
  "language": "python",
  "kernel_type": "notebook",
  "is_private": false,
  "enable_gpu": false,
  "enable_tpu": false,
  "enable_internet": true,
  "keywords": [],
  "dataset_sources": [],
  "kernel_sources": [],
  "competition_sources": [
    "spaceship-titanic"
  ],
  "model_sources": []
}