{
"meta":{"test_sets":[],"test_metrics":[],"learn_metrics":[{"best_value":"Min","name":"MAE"}],"launch_mode":"Train","parameters":"","iteration_count":1000,"learn_sets":["learn"],"name":"experiment"},
"iterations":[
{"learn":[54652.32724],"iteration":0,"passed_time":0.05723738231,"remaining_time":57.18014493},
{"learn":[53513.19326],"iteration":1,"passed_time":0.06138925593,"remaining_time":30.63323871},
{"learn":[52286.20151],"iteration":2,"passed_time":0.06557048608,"remaining_time":21.79125821},
{"learn":[51137.02837],"iteration":3,"passed_time":0.0692322563,"remaining_time":17.23883182},
{"learn":[50019.94408],"iteration":4,"passed_time":0.07275792294,"remaining_time":14.47882666},
{"learn":[48946.23915],"iteration":5,"passed_time":0.07633296576,"remaining_time":12.64582799},
{"learn":[48138.44297],"iteration":6,"passed_time":0.07984243119,"remaining_time":11.32621917},
{"learn":[47100.71265],"iteration":7,"passed_time":0.08341545924,"remaining_time":10.34351695},
{"learn":[46129.05215],"iteration":8,"passed_time":0.08702696513,"remaining_time":9.582635827},
{"learn":[45266.18329],"iteration":9,"passed_time":0.09050073415,"remaining_time":8.95957268},
{"learn":[44409.81917],"iteration":10,"passed_time":0.09399515243,"remaining_time":8.451018705},
{"learn":[43505.06275],"iteration":11,"passed_time":0.097537901,"remaining_time":8.030620515},
{"learn":[42693.98116],"iteration":12,"passed_time":0.1011363945,"remaining_time":7.678586261},
{"learn":[41939.27479],"iteration":13,"passed_time":0.1047233379,"remaining_time":7.375515082},
{"learn":[41269.92964],"iteration":14,"passed_time":0.1083393082,"remaining_time":7.114281235},
{"learn":[40457.6504],"iteration":15,"passed_time":0.1118734954,"remaining_time":6.880219966},
{"learn":[39718.42797],"iteration":16,"passed_time":0.1154100315,"remaining_time":6.673415349},
{"learn":[39108.77289],"iteration":17,"passed_time":0.1190031095,"remaining_time":6.492280753},
{"learn":[38501.99146],"iteration":18,"passed_time":0.1224673291,"remaining_time":6.32318157},
{"learn":[37840.9943],"iteration":19,"passed_time":0.1261251897,"remaining_time":6.180134297},
{"learn":[37219.04895],"iteration":20,"passed_time":0.1296950823,"remaining_time":6.046261216},
{"learn":[36628.88338],"iteration":21,"passed_time":0.1331485494,"remaining_time":5.919058242},
{"learn":[36051.70562],"iteration":22,"passed_time":0.1366263702,"remaining_time":5.803650595},
{"learn":[35470.4599],"iteration":23,"passed_time":0.1400319619,"remaining_time":5.694633116},
{"learn":[34927.02535],"iteration":24,"passed_time":0.1436807205,"remaining_time":5.603548098},
{"learn":[34361.31467],"iteration":25,"passed_time":0.1472425265,"remaining_time":5.515931569},
{"learn":[33877.99908],"iteration":26,"passed_time":0.1508543161,"remaining_time":5.436342576},
{"learn":[33343.68868],"iteration":27,"passed_time":0.1560540679,"remaining_time":5.417305501},
{"learn":[32812.6608],"iteration":28,"passed_time":0.1595880278,"remaining_time":5.343447412},
{"learn":[32288.24497],"iteration":29,"passed_time":0.1630809927,"remaining_time":5.272952098},
{"learn":[31822.80121],"iteration":30,"passed_time":0.1665091603,"remaining_time":5.204754076},
{"learn":[31362.86459],"iteration":31,"passed_time":0.1701574856,"remaining_time":5.147263939},
{"learn":[30896.83507],"iteration":32,"passed_time":0.1737842134,"remaining_time":5.092404072},
{"learn":[30472.739],"iteration":33,"passed_time":0.1772396183,"remaining_time":5.035690332},
{"learn":[30109.77988],"iteration":34,"passed_time":0.1807603376,"remaining_time":4.983820738},
{"learn":[29690.41732],"iteration":35,"passed_time":0.1841706974,"remaining_time":4.931682007},
{"learn":[29303.63823],"iteration":36,"passed_time":0.1877176725,"remaining_time":4.885732936},
{"learn":[28876.41745],"iteration":37,"passed_time":0.1912227803,"remaining_time":4.840955648},
{"learn":[28495.50967],"iteration":38,"passed_time":0.1946778814,"remaining_time":4.797062668},
{"learn":[28150.99956],"iteration":39,"passed_time":0.1982163797,"remaining_time":4.757193113},
{"learn":[27735.3451],"iteration":40,"passed_time":0.2017192912,"remaining_time":4.718263421},
{"learn":[27378.6919],"iteration":41,"passed_time":0.2052145939,"remaining_time":4.680847166},
{"learn":[27085.73692],"iteration":42,"passed_time":0.2086444511,"remaining_time":4.643552086},
{"learn":[26763.95544],"iteration":43,"passed_time":0.2121017648,"remaining_time":4.60839289},
{"learn":[26441.73688],"iteration":44,"passed_time":0.2156146376,"remaining_time":4.575821754},
{"learn":[26187.01947],"iteration":45,"passed_time":0.2191105685,"remaining_time":4.544162659},
{"learn":[25859.25107],"iteration":46,"passed_time":0.2226142621,"remaining_time":4.5138594},
{"learn":[25546.59384],"iteration":47,"passed_time":0.226210595,"remaining_time":4.486510133},
{"learn":[25247.95487],"iteration":48,"passed_time":0.2300521154,"remaining_time":4.464889016},
{"learn":[24953.86312],"iteration":49,"passed_time":0.2334874873,"remaining_time":4.436262259},
{"learn":[24739.86091],"iteration":50,"passed_time":0.2369299139,"remaining_time":4.408754672},
{"learn":[24482.35134],"iteration":51,"passed_time":0.2403522105,"remaining_time":4.381805683},
{"learn":[24221.35931],"iteration":52,"passed_time":0.2437925356,"remaining_time":4.356066627},
{"learn":[23974.85515],"iteration":53,"passed_time":0.2471856823,"remaining_time":4.330326953},
{"learn":[23717.36976],"iteration":54,"passed_time":0.2506804932,"remaining_time":4.307146656},
{"learn":[23450.33593],"iteration":55,"passed_time":0.2540905396,"remaining_time":4.283240525},
{"learn":[23207.33006],"iteration":56,"passed_time":0.2577006026,"remaining_time":4.2633626},
{"learn":[23032.02057],"iteration":57,"passed_time":0.2612346453,"remaining_time":4.242810964},
{"learn":[22871.80695],"iteration":58,"passed_time":0.2648126955,"remaining_time":4.223538076},
{"learn":[22662.14872],"iteration":59,"passed_time":0.2683660624,"remaining_time":4.204401645},
{"learn":[22425.55247],"iteration":60,"passed_time":0.271888175,"remaining_time":4.185295022},
{"learn":[22214.77248],"iteration":61,"passed_time":0.2754432041,"remaining_time":4.167189121},
{"learn":[22000.43576],"iteration":62,"passed_time":0.2789269796,"remaining_time":4.148485396},
{"learn":[21788.49022],"iteration":63,"passed_time":0.2824470612,"remaining_time":4.13078827},
{"learn":[21577.78411],"iteration":64,"passed_time":0.2859612436,"remaining_time":4.113442504},
{"learn":[21471.98091],"iteration":65,"passed_time":0.2894512553,"remaining_time":4.096173825},
{"learn":[21329.99815],"iteration":66,"passed_time":0.2930042977,"remaining_time":4.080194176},
{"learn":[21156.48986],"iteration":67,"passed_time":0.2965654964,"remaining_time":4.064691803},
{"learn":[20958.00308],"iteration":68,"passed_time":0.3001547789,"remaining_time":4.049914481},
{"learn":[20781.41777],"iteration":69,"passed_time":0.3036387989,"remaining_time":4.034058328},
{"learn":[20662.23184],"iteration":70,"passed_time":0.3071759712,"remaining_time":4.019246159},
{"learn":[20508.55584],"iteration":71,"passed_time":0.3105922057,"remaining_time":4.003188429},
{"learn":[20337.61904],"iteration":72,"passed_time":0.3139909997,"remaining_time":3.987255572},
{"learn":[20197.18362],"iteration":73,"passed_time":0.3174718064,"remaining_time":3.972687739},
{"learn":[20044.65171],"iteration":74,"passed_time":0.321004321,"remaining_time":3.959053293},
{"learn":[19898.69387],"iteration":75,"passed_time":0.3245724744,"remaining_time":3.946117978},
{"learn":[19735.21784],"iteration":76,"passed_time":0.3280254556,"remaining_time":3.932045396},
{"learn":[19550.35136],"iteration":77,"passed_time":0.331431742,"remaining_time":3.917693156},
{"learn":[19376.65025],"iteration":78,"passed_time":0.334902683,"remaining_time":3.904371785},
{"learn":[19231.53258],"iteration":79,"passed_time":0.3382446957,"remaining_time":3.889814001},
{"learn":[19108.83258],"iteration":80,"passed_time":0.3417361889,"remaining_time":3.877229106},
{"learn":[18982.45474],"iteration":81,"passed_time":0.345238287,"remaining_time":3.864984726},
{"learn":[18834.85109],"iteration":82,"passed_time":0.3485633527,"remaining_time":3.850995113},
{"learn":[18694.12017],"iteration":83,"passed_time":0.3520098836,"remaining_time":3.838583969},
{"learn":[18524.6589],"iteration":84,"passed_time":0.355399606,"remaining_time":3.825772229},
{"learn":[18417.11187],"iteration":85,"passed_time":0.3589172046,"remaining_time":3.814538663},
{"learn":[18332.57612],"iteration":86,"passed_time":0.3623618319,"remaining_time":3.802716695},
{"learn":[18256.23382],"iteration":87,"passed_time":0.3657123423,"remaining_time":3.790109729},
{"learn":[18159.61275],"iteration":88,"passed_time":0.3692049021,"remaining_time":3.779164784},
{"learn":[18068.55054],"iteration":89,"passed_time":0.372751255,"remaining_time":3.768929356},
{"learn":[17963.76669],"iteration":90,"passed_time":0.376195292,"remaining_time":3.757818905},
{"learn":[17885.61999],"iteration":91,"passed_time":0.3795905282,"remaining_time":3.746393474},
{"learn":[17779.28857],"iteration":92,"passed_time":0.3830374311,"remaining_time":3.735644623},
{"learn":[17683.81189],"iteration":93,"passed_time":0.3863555161,"remaining_time":3.723809549},
{"learn":[17616.81737],"iteration":94,"passed_time":0.3897968094,"remaining_time":3.7133275},
{"learn":[17490.43832],"iteration":95,"passed_time":0.3932462373,"remaining_time":3.703068735},
{"learn":[17426.83155],"iteration":96,"passed_time":0.3967113857,"remaining_time":3.693096715},
{"learn":[17299.42813],"iteration":97,"passed_time":0.4001354519,"remaining_time":3.682879363},
{"learn":[17215.5029],"iteration":98,"passed_time":0.4035864561,"remaining_time":3.673044414},
{"learn":[17127.45854],"iteration":99,"passed_time":0.4070290042,"remaining_time":3.663261038},
{"learn":[17039.00546],"iteration":100,"passed_time":0.4104322952,"remaining_time":3.653253796},
{"learn":[16941.17901],"iteration":101,"passed_time":0.4138980317,"remaining_time":3.643925809},
{"learn":[16857.51808],"iteration":102,"passed_time":0.4173478552,"remaining_time":3.634573069},
{"learn":[16742.43092],"iteration":103,"passed_time":0.4206988693,"remaining_time":3.624482566},
{"learn":[16636.59258],"iteration":104,"passed_time":0.4241792064,"remaining_time":3.615622759},
{"learn":[16520.35888],"iteration":105,"passed_time":0.4275210739,"remaining_time":3.605696605},
{"learn":[16457.9433],"iteration":106,"passed_time":0.4308833093,"remaining_time":3.596063507},
{"learn":[16370.93957],"iteration":107,"passed_time":0.434264691,"remaining_time":3.58670467},
{"learn":[16269.33664],"iteration":108,"passed_time":0.4376567126,"remaining_time":3.577542485},
{"learn":[16198.08343],"iteration":109,"passed_time":0.4410735366,"remaining_time":3.568685887},
{"learn":[16118.7371],"iteration":110,"passed_time":0.4444664189,"remaining_time":3.559735553},
{"learn":[16042.15468],"iteration":111,"passed_time":0.447903216,"remaining_time":3.551232641},
{"learn":[15986.41194],"iteration":112,"passed_time":0.4513068128,"remaining_time":3.542558788},
{"learn":[15888.69229],"iteration":113,"passed_time":0.4547152971,"remaining_time":3.534015379},
{"learn":[15831.04778],"iteration":114,"passed_time":0.4581335092,"remaining_time":3.525636136},
{"learn":[15751.31889],"iteration":115,"passed_time":0.4614342398,"remaining_time":3.516447137},
{"learn":[15671.57478],"iteration":116,"passed_time":0.4648628525,"remaining_time":3.508323921},
{"learn":[15584.55158],"iteration":117,"passed_time":0.4682656087,"remaining_time":3.500087007},
{"learn":[15518.97485],"iteration":118,"passed_time":0.4717592018,"remaining_time":3.492603838},
{"learn":[15467.58644],"iteration":119,"passed_time":0.4751651386,"remaining_time":3.48454435},
{"learn":[15398.22808],"iteration":120,"passed_time":0.478628196,"remaining_time":3.47697673},
{"learn":[15346.22471],"iteration":121,"passed_time":0.4819223037,"remaining_time":3.468260513},
{"learn":[15273.73122],"iteration":122,"passed_time":0.4852757177,"remaining_time":3.460055321},
{"learn":[15214.3515],"iteration":123,"passed_time":0.4885325282,"remaining_time":3.451245925},
{"learn":[15168.32041],"iteration":124,"passed_time":0.4920220444,"remaining_time":3.444154311},
{"learn":[15101.02983],"iteration":125,"passed_time":0.4953651282,"remaining_time":3.436104143},
{"learn":[15035.75116],"iteration":126,"passed_time":0.4988441757,"remaining_time":3.429062719},
{"learn":[14964.84772],"iteration":127,"passed_time":0.5021838752,"remaining_time":3.421127649},
{"learn":[14917.64286],"iteration":128,"passed_time":0.5055799974,"remaining_time":3.413644788},
{"learn":[14868.6484],"iteration":129,"passed_time":0.5089585843,"remaining_time":3.406107449},
{"learn":[14816.89917],"iteration":130,"passed_time":0.5124975722,"remaining_time":3.399697635},
{"learn":[14765.73065],"iteration":131,"passed_time":0.5159836047,"remaining_time":3.392983098},
{"learn":[14705.52095],"iteration":132,"passed_time":0.5194976523,"remaining_time":3.386499733},
{"learn":[14656.58856],"iteration":133,"passed_time":0.5229030462,"remaining_time":3.379358492},
{"learn":[14599.78751],"iteration":134,"passed_time":0.5264298039,"remaining_time":3.373050225},
{"learn":[14555.43923],"iteration":135,"passed_time":0.529929128,"remaining_time":3.366608578},
{"learn":[14504.3469],"iteration":136,"passed_time":0.5333428692,"remaining_time":3.359670775},
{"learn":[14457.9843],"iteration":137,"passed_time":0.5367921631,"remaining_time":3.35300612},
{"learn":[14430.08399],"iteration":138,"passed_time":0.5402302334,"remaining_time":3.346318209},
{"learn":[14368.77175],"iteration":139,"passed_time":0.5436375058,"remaining_time":3.339487536},
{"learn":[14315.24866],"iteration":140,"passed_time":0.5469944628,"remaining_time":3.33239889},
{"learn":[14289.15839],"iteration":141,"passed_time":0.550494115,"remaining_time":3.326225005},
{"learn":[14251.54767],"iteration":142,"passed_time":0.5539081977,"remaining_time":3.319575702},
{"learn":[14221.97115],"iteration":143,"passed_time":0.557298177,"remaining_time":3.312828052},
{"learn":[14156.92624],"iteration":144,"passed_time":0.5606535592,"remaining_time":3.305922711},
{"learn":[14110.25003],"iteration":145,"passed_time":0.5639309197,"remaining_time":3.298609626},
{"learn":[14059.55511],"iteration":146,"passed_time":0.5674335697,"remaining_time":3.292658741},
{"learn":[14022.88316],"iteration":147,"passed_time":0.5709676236,"remaining_time":3.286921725},
{"learn":[13988.61567],"iteration":148,"passed_time":0.5743411099,"remaining_time":3.280297212},
{"learn":[13949.54917],"iteration":149,"passed_time":0.57772981,"remaining_time":3.273802257},
{"learn":[13898.82569],"iteration":150,"passed_time":0.5811461223,"remaining_time":3.267503694},
{"learn":[13843.62088],"iteration":151,"passed_time":0.5846400739,"remaining_time":3.261676202},
{"learn":[13798.88085],"iteration":152,"passed_time":0.5879922161,"remaining_time":3.255094164},
{"learn":[13767.32101],"iteration":153,"passed_time":0.5914416663,"remaining_time":3.249088634},
{"learn":[13724.81716],"iteration":154,"passed_time":0.5948230161,"remaining_time":3.24274483},
{"learn":[13690.17739],"iteration":155,"passed_time":0.598191944,"remaining_time":3.2363718},
{"learn":[13639.71695],"iteration":156,"passed_time":0.6016295803,"remaining_time":3.230405963},
{"learn":[13609.89151],"iteration":157,"passed_time":0.6050768461,"remaining_time":3.224523445},
{"learn":[13581.90182],"iteration":158,"passed_time":0.6085249029,"remaining_time":3.218675744},
{"learn":[13539.79075],"iteration":159,"passed_time":0.6119032032,"remaining_time":3.212491817},
{"learn":[13516.85305],"iteration":160,"passed_time":0.6153621258,"remaining_time":3.206762879},
{"learn":[13498.91123],"iteration":161,"passed_time":0.6188204907,"remaining_time":3.201059081},
{"learn":[13475.75274],"iteration":162,"passed_time":0.6223042343,"remaining_time":3.195513154},
{"learn":[13434.29563],"iteration":163,"passed_time":0.625663949,"remaining_time":3.18936013},
{"learn":[13401.15994],"iteration":164,"passed_time":0.6290100817,"remaining_time":3.183172232},
{"learn":[13386.10385],"iteration":165,"passed_time":0.632471565,"remaining_time":3.177598104},
{"learn":[13365.06638],"iteration":166,"passed_time":0.6359009088,"remaining_time":3.171888964},
{"learn":[13334.40058],"iteration":167,"passed_time":0.6393816518,"remaining_time":3.166461514},
{"learn":[13302.12263],"iteration":168,"passed_time":0.6428934083,"remaining_time":3.161209599},
{"learn":[13281.79112],"iteration":169,"passed_time":0.6462501053,"remaining_time":3.155221102},
{"learn":[13249.85851],"iteration":170,"passed_time":0.6496437475,"remaining_time":3.149442495},
{"learn":[13225.15237],"iteration":171,"passed_time":0.6530368335,"remaining_time":3.143688943},
{"learn":[13194.06439],"iteration":172,"passed_time":0.6563260546,"remaining_time":3.137466168},
{"learn":[13179.99262],"iteration":173,"passed_time":0.6597777239,"remaining_time":3.132048276},
{"learn":[13156.00956],"iteration":174,"passed_time":0.6632257408,"remaining_time":3.126635635},
{"learn":[13111.98125],"iteration":175,"passed_time":0.6666059322,"remaining_time":3.120927773},
{"learn":[13092.55325],"iteration":176,"passed_time":0.670140935,"remaining_time":3.115966042},
{"learn":[13075.87862],"iteration":177,"passed_time":0.6736804562,"remaining_time":3.111041208},
{"learn":[13045.04743],"iteration":178,"passed_time":0.6770509929,"remaining_time":3.105356789},
{"learn":[13014.47598],"iteration":179,"passed_time":0.6803979937,"remaining_time":3.09959086},
{"learn":[12996.02608],"iteration":180,"passed_time":0.6837316288,"remaining_time":3.093791182},
{"learn":[12939.46763],"iteration":181,"passed_time":0.687146507,"remaining_time":3.088383751},
{"learn":[12906.75579],"iteration":182,"passed_time":0.6906536377,"remaining_time":3.083409956},
{"learn":[12873.22413],"iteration":183,"passed_time":0.6941951352,"remaining_time":3.078604512},
{"learn":[12860.10728],"iteration":184,"passed_time":0.6974997486,"remaining_time":3.072769163},
{"learn":[12835.76098],"iteration":185,"passed_time":0.7008683527,"remaining_time":3.067241071},
{"learn":[12809.04853],"iteration":186,"passed_time":0.7043218302,"remaining_time":3.062105069},
{"learn":[12783.44012],"iteration":187,"passed_time":0.7077845394,"remaining_time":3.057026841},
{"learn":[12764.96162],"iteration":188,"passed_time":0.711149634,"remaining_time":3.051546842},
{"learn":[12722.3667],"iteration":189,"passed_time":0.7145395904,"remaining_time":3.046195096},
{"learn":[12670.54963],"iteration":190,"passed_time":0.7178556147,"remaining_time":3.040550745},
{"learn":[12644.54674],"iteration":191,"passed_time":0.7212272862,"remaining_time":3.03516483},
{"learn":[12616.90671],"iteration":192,"passed_time":0.7245794803,"remaining_time":3.029718345},
{"learn":[12581.97541],"iteration":193,"passed_time":0.7279776388,"remaining_time":3.024484417},
{"learn":[12554.9124],"iteration":194,"passed_time":0.7313743313,"remaining_time":3.019263265},
{"learn":[12532.108],"iteration":195,"passed_time":0.7347500746,"remaining_time":3.013974796},
{"learn":[12516.73197],"iteration":196,"passed_time":0.7384121211,"remaining_time":3.009872758},
{"learn":[12492.26783],"iteration":197,"passed_time":0.7419805345,"remaining_time":3.005395902},
{"learn":[12473.3626],"iteration":198,"passed_time":0.7453156029,"remaining_time":2.999988934},
{"learn":[12449.58301],"iteration":199,"passed_time":0.7488193795,"remaining_time":2.995277518},
{"learn":[12415.88065],"iteration":200,"passed_time":0.7523000388,"remaining_time":2.990486224},
{"learn":[12399.69776],"iteration":201,"passed_time":0.7557359129,"remaining_time":2.985530983},
{"learn":[12380.22536],"iteration":202,"passed_time":0.7591911119,"remaining_time":2.980666582},
{"learn":[12348.91181],"iteration":203,"passed_time":0.7627003277,"remaining_time":2.976026769},
{"learn":[12317.22923],"iteration":204,"passed_time":0.7661750263,"remaining_time":2.971264126},
{"learn":[12281.63506],"iteration":205,"passed_time":0.7695059408,"remaining_time":2.965959791},
{"learn":[12260.70854],"iteration":206,"passed_time":0.7729420245,"remaining_time":2.961077417},
{"learn":[12229.41524],"iteration":207,"passed_time":0.7762704101,"remaining_time":2.955798869},
{"learn":[12199.8418],"iteration":208,"passed_time":0.7796742773,"remaining_time":2.950824657},
{"learn":[12171.30372],"iteration":209,"passed_time":0.7831487456,"remaining_time":2.946130995},
{"learn":[12154.01718],"iteration":210,"passed_time":0.786480146,"remaining_time":2.940913911},
{"learn":[12132.16657],"iteration":211,"passed_time":0.7898201232,"remaining_time":2.935746496},
{"learn":[12101.48195],"iteration":212,"passed_time":0.7931549502,"remaining_time":2.93057721},
{"learn":[12075.366],"iteration":213,"passed_time":0.7965424251,"remaining_time":2.92561844},
{"learn":[12058.71761],"iteration":214,"passed_time":0.8000417403,"remaining_time":2.921082633},
{"learn":[12043.9285],"iteration":215,"passed_time":0.8035151634,"remaining_time":2.916462445},
{"learn":[12031.2332],"iteration":216,"passed_time":0.8068190776,"remaining_time":2.911241188},
{"learn":[12008.4514],"iteration":217,"passed_time":0.8100917812,"remaining_time":2.905925564},
{"learn":[11973.81123],"iteration":218,"passed_time":0.8134169698,"remaining_time":2.900815769},
{"learn":[11952.62666],"iteration":219,"passed_time":0.8168613075,"remaining_time":2.896144636},
{"learn":[11927.51756],"iteration":220,"passed_time":0.8203859949,"remaining_time":2.891767828},
{"learn":[11909.02398],"iteration":221,"passed_time":0.8237208507,"remaining_time":2.886733432},
{"learn":[11894.43051],"iteration":222,"passed_time":0.8272627215,"remaining_time":2.882435581},
{"learn":[11879.25243],"iteration":223,"passed_time":0.8306741968,"remaining_time":2.877692753},
{"learn":[11854.34848],"iteration":224,"passed_time":0.8341093509,"remaining_time":2.87304332},
{"learn":[11834.52198],"iteration":225,"passed_time":0.8374981058,"remaining_time":2.868245725},
{"learn":[11803.96112],"iteration":226,"passed_time":0.8409956055,"remaining_time":2.863830851},
{"learn":[11764.44745],"iteration":227,"passed_time":0.8444224798,"remaining_time":2.859184888},
{"learn":[11748.07364],"iteration":228,"passed_time":0.8477788457,"remaining_time":2.854312183},
{"learn":[11719.97406],"iteration":229,"passed_time":0.8513575299,"remaining_time":2.850196948},
{"learn":[11692.8311],"iteration":230,"passed_time":0.8547281585,"remaining_time":2.84539374},
{"learn":[11680.15066],"iteration":231,"passed_time":0.8582426979,"remaining_time":2.841079276},
{"learn":[11667.66746],"iteration":232,"passed_time":0.8617915656,"remaining_time":2.836884682},
{"learn":[11645.39884],"iteration":233,"passed_time":0.8653111946,"remaining_time":2.832599893},
{"learn":[11606.50849],"iteration":234,"passed_time":0.8686734766,"remaining_time":2.827809403},
{"learn":[11592.07369],"iteration":235,"passed_time":0.8720075829,"remaining_time":2.822939802},
{"learn":[11566.72461],"iteration":236,"passed_time":0.875431389,"remaining_time":2.81837194},
{"learn":[11547.04645],"iteration":237,"passed_time":0.8789469062,"remaining_time":2.814107322},
{"learn":[11519.4286],"iteration":238,"passed_time":0.8824309676,"remaining_time":2.809748813},
{"learn":[11491.03918],"iteration":239,"passed_time":0.8858528368,"remaining_time":2.80520065},
{"learn":[11474.92013],"iteration":240,"passed_time":0.8891681619,"remaining_time":2.800326286},
{"learn":[11456.39179],"iteration":241,"passed_time":0.8926608083,"remaining_time":2.796020218},
{"learn":[11439.32139],"iteration":242,"passed_time":0.8961326892,"remaining_time":2.791656155},
{"learn":[11425.24108],"iteration":243,"passed_time":0.8994610963,"remaining_time":2.786854872},
{"learn":[11411.18885],"iteration":244,"passed_time":0.9029304624,"remaining_time":2.782499997},
{"learn":[11395.53649],"iteration":245,"passed_time":0.9063911546,"remaining_time":2.778125734},
{"learn":[11370.71133],"iteration":246,"passed_time":0.9099463386,"remaining_time":2.774046935},
{"learn":[11348.15512],"iteration":247,"passed_time":0.9134947204,"remaining_time":2.769951733},
{"learn":[11335.98418],"iteration":248,"passed_time":0.9168929921,"remaining_time":2.765408181},
{"learn":[11322.38905],"iteration":249,"passed_time":0.9202319331,"remaining_time":2.760695799},
{"learn":[11291.53707],"iteration":250,"passed_time":0.9235661668,"remaining_time":2.755980314},
{"learn":[11263.11631],"iteration":251,"passed_time":0.9270239064,"remaining_time":2.751642389},
{"learn":[11238.98806],"iteration":252,"passed_time":0.9303863092,"remaining_time":2.747029933},
{"learn":[11215.81836],"iteration":253,"passed_time":0.9337593666,"remaining_time":2.742458612},
{"learn":[11202.6186],"iteration":254,"passed_time":0.9370573742,"remaining_time":2.737677427},
{"learn":[11188.40856],"iteration":255,"passed_time":0.9405069236,"remaining_time":2.733348247},
{"learn":[11175.18164],"iteration":256,"passed_time":0.9439933806,"remaining_time":2.729132614},
{"learn":[11157.48618],"iteration":257,"passed_time":0.9474172342,"remaining_time":2.724742588},
{"learn":[11141.12073],"iteration":258,"passed_time":0.9507598995,"remaining_time":2.720127743},
{"learn":[11125.37506],"iteration":259,"passed_time":0.9541639156,"remaining_time":2.715697298},
{"learn":[11101.80786],"iteration":260,"passed_time":0.9575848233,"remaining_time":2.711322546},
{"learn":[11087.88434],"iteration":261,"passed_time":0.961069207,"remaining_time":2.707133873},
{"learn":[11077.30729],"iteration":262,"passed_time":0.964395163,"remaining_time":2.702506597},
{"learn":[11055.31452],"iteration":263,"passed_time":0.9677728055,"remaining_time":2.698033276},
{"learn":[11039.55689],"iteration":264,"passed_time":0.9712758029,"remaining_time":2.693915906},
{"learn":[11027.19891],"iteration":265,"passed_time":0.9745677788,"remaining_time":2.689220863},
{"learn":[11009.95299],"iteration":266,"passed_time":0.9780734961,"remaining_time":2.685123119},
{"learn":[10980.02794],"iteration":267,"passed_time":0.9814174251,"remaining_time":2.680587893},
{"learn":[10969.38296],"iteration":268,"passed_time":0.9848584977,"remaining_time":2.676325509},
{"learn":[10948.75001],"iteration":269,"passed_time":0.9883542078,"remaining_time":2.672216932},
{"learn":[10936.43536],"iteration":270,"passed_time":0.991929658,"remaining_time":2.668327383},
{"learn":[10916.03743],"iteration":271,"passed_time":0.9953376489,"remaining_time":2.663991943},
{"learn":[10901.141],"iteration":272,"passed_time":0.9986624886,"remaining_time":2.659441865},
{"learn":[10891.56529],"iteration":273,"passed_time":1.002005429,"remaining_time":2.654948691},
{"learn":[10876.33171],"iteration":274,"passed_time":1.005429562,"remaining_time":2.650677937},
{"learn":[10861.05759],"iteration":275,"passed_time":1.00870721,"remaining_time":2.646029057},
{"learn":[10838.82681],"iteration":276,"passed_time":1.012063306,"remaining_time":2.641594838},
{"learn":[10819.97564],"iteration":277,"passed_time":1.015496809,"remaining_time":2.63736941},
{"learn":[10805.99911],"iteration":278,"passed_time":1.018910734,"remaining_time":2.633099066},
{"learn":[10790.67995],"iteration":279,"passed_time":1.022251084,"remaining_time":2.628645645},
{"learn":[10770.80964],"iteration":280,"passed_time":1.025790635,"remaining_time":2.624709846},
{"learn":[10750.00921],"iteration":281,"passed_time":1.029218449,"remaining_time":2.620492364},
{"learn":[10733.03088],"iteration":282,"passed_time":1.032745781,"remaining_time":2.616532597},
{"learn":[10705.52284],"iteration":283,"passed_time":1.03604043,"remaining_time":2.611989252},
{"learn":[10689.89365],"iteration":284,"passed_time":1.039456468,"remaining_time":2.607759208},
{"learn":[10669.46675],"iteration":285,"passed_time":1.042923051,"remaining_time":2.603661043},
{"learn":[10657.88166],"iteration":286,"passed_time":1.046340165,"remaining_time":2.599444383},
{"learn":[10624.60217],"iteration":287,"passed_time":1.049691297,"remaining_time":2.595070151},
{"learn":[10594.09953],"iteration":288,"passed_time":1.05309865,"remaining_time":2.590841314},
{"learn":[10575.83663],"iteration":289,"passed_time":1.056649551,"remaining_time":2.586969589},
{"learn":[10550.52279],"iteration":290,"passed_time":1.060179815,"remaining_time":2.58304979},
{"learn":[10532.06322],"iteration":291,"passed_time":1.063515966,"remaining_time":2.578662001},
{"learn":[10511.80912],"iteration":292,"passed_time":1.066934387,"remaining_time":2.574479902},
{"learn":[10486.37341],"iteration":293,"passed_time":1.070407885,"remaining_time":2.570435262},
{"learn":[10448.31675],"iteration":294,"passed_time":1.07385308,"remaining_time":2.566326852},
{"learn":[10429.31872],"iteration":295,"passed_time":1.07738515,"remaining_time":2.562429545},
{"learn":[10412.58291],"iteration":296,"passed_time":1.080863658,"remaining_time":2.558407919},
{"learn":[10401.27035],"iteration":297,"passed_time":1.084280836,"remaining_time":2.554245459},
{"learn":[10380.96571],"iteration":298,"passed_time":1.087608467,"remaining_time":2.549878044},
{"learn":[10364.11292],"iteration":299,"passed_time":1.090969939,"remaining_time":2.545596524},
{"learn":[10349.76059],"iteration":300,"passed_time":1.094393936,"remaining_time":2.541466316},
{"learn":[10328.28622],"iteration":301,"passed_time":1.097765273,"remaining_time":2.537219075},
{"learn":[10280.61482],"iteration":302,"passed_time":1.101056472,"remaining_time":2.53279327},
{"learn":[10259.25641],"iteration":303,"passed_time":1.104575718,"remaining_time":2.528897038},
{"learn":[10236.17194],"iteration":304,"passed_time":1.107988626,"remaining_time":2.524760967},
{"learn":[10222.28194],"iteration":305,"passed_time":1.111536816,"remaining_time":2.520936438},
{"learn":[10199.34313],"iteration":306,"passed_time":1.115067881,"remaining_time":2.517075055},
{"learn":[10184.31984],"iteration":307,"passed_time":1.118578265,"remaining_time":2.513169348},
{"learn":[10169.84913],"iteration":308,"passed_time":1.121919298,"remaining_time":2.508887492},
{"learn":[10157.13392],"iteration":309,"passed_time":1.125466239,"remaining_time":2.505070016},
{"learn":[10132.49334],"iteration":310,"passed_time":1.12897588,"remaining_time":2.501171643},
{"learn":[10115.1591],"iteration":311,"passed_time":1.132361554,"remaining_time":2.497002401},
{"learn":[10102.10816],"iteration":312,"passed_time":1.135856534,"remaining_time":2.493078078},
{"learn":[10075.05748],"iteration":313,"passed_time":1.139213796,"remaining_time":2.488855617},
{"learn":[10057.79035],"iteration":314,"passed_time":1.142712501,"remaining_time":2.484946233},
{"learn":[10035.33815],"iteration":315,"passed_time":1.146124249,"remaining_time":2.480851223},
{"learn":[10015.92724],"iteration":316,"passed_time":1.149551885,"remaining_time":2.476794755},
{"learn":[10000.60156],"iteration":317,"passed_time":1.153007627,"remaining_time":2.47280252},
{"learn":[9990.662821],"iteration":318,"passed_time":1.156365786,"remaining_time":2.46860533},
{"learn":[9971.171043],"iteration":319,"passed_time":1.159811828,"remaining_time":2.464600135},
{"learn":[9956.151205],"iteration":320,"passed_time":1.163195464,"remaining_time":2.460466417},
{"learn":[9935.334792],"iteration":321,"passed_time":1.166649336,"remaining_time":2.456485248},
{"learn":[9927.226852],"iteration":322,"passed_time":1.170008797,"remaining_time":2.452309461},
{"learn":[9913.832609],"iteration":323,"passed_time":1.173515065,"remaining_time":2.448445012},
{"learn":[9885.644309],"iteration":324,"passed_time":1.176796296,"remaining_time":2.444115384},
{"learn":[9866.249563],"iteration":325,"passed_time":1.180120745,"remaining_time":2.439881539},
{"learn":[9848.852486],"iteration":326,"passed_time":1.18363686,"remaining_time":2.436047728},
{"learn":[9830.548871],"iteration":327,"passed_time":1.187047854,"remaining_time":2.432000482},
{"learn":[9796.479575],"iteration":328,"passed_time":1.190356438,"remaining_time":2.427748236},
{"learn":[9771.159618],"iteration":329,"passed_time":1.19387569,"remaining_time":2.423929431},
{"learn":[9755.890915],"iteration":330,"passed_time":1.197300191,"remaining_time":2.419920929},
{"learn":[9746.788516],"iteration":331,"passed_time":1.200732609,"remaining_time":2.415931875},
{"learn":[9731.716767],"iteration":332,"passed_time":1.20434668,"remaining_time":2.412310017},
{"learn":[9716.356259],"iteration":333,"passed_time":1.20779209,"remaining_time":2.408351892},
{"learn":[9701.971391],"iteration":334,"passed_time":1.211346418,"remaining_time":2.404613038},
{"learn":[9673.357051],"iteration":335,"passed_time":1.214798794,"remaining_time":2.400673806},
{"learn":[9654.987983],"iteration":336,"passed_time":1.218197071,"remaining_time":2.396631033},
{"learn":[9641.694978],"iteration":337,"passed_time":1.221701666,"remaining_time":2.392800305},
{"learn":[9626.529659],"iteration":338,"passed_time":1.225460655,"remaining_time":2.389467531},
{"learn":[9616.586562],"iteration":339,"passed_time":1.228801048,"remaining_time":2.385319682},
{"learn":[9594.249172],"iteration":340,"passed_time":1.232351458,"remaining_time":2.381582437},
{"learn":[9579.385361],"iteration":341,"passed_time":1.235755269,"remaining_time":2.377564232},
{"learn":[9565.64661],"iteration":342,"passed_time":1.239181432,"remaining_time":2.373592422},
{"learn":[9540.237849],"iteration":343,"passed_time":1.242764684,"remaining_time":2.369923351},
{"learn":[9523.455059],"iteration":344,"passed_time":1.246214993,"remaining_time":2.366002378},
{"learn":[9514.393627],"iteration":345,"passed_time":1.249693525,"remaining_time":2.362137473},
{"learn":[9503.07894],"iteration":346,"passed_time":1.253105604,"remaining_time":2.35814974},
{"learn":[9484.089971],"iteration":347,"passed_time":1.256445455,"remaining_time":2.35402999},
{"learn":[9465.143229],"iteration":348,"passed_time":1.25983354,"remaining_time":2.350004684},
{"learn":[9445.914577],"iteration":349,"passed_time":1.263342745,"remaining_time":2.346207955},
{"learn":[9435.136166],"iteration":350,"passed_time":1.266733032,"remaining_time":2.342192986},
{"learn":[9416.025909],"iteration":351,"passed_time":1.270078244,"remaining_time":2.338098586},
{"learn":[9390.473128],"iteration":352,"passed_time":1.273480513,"remaining_time":2.334113009},
{"learn":[9380.953902],"iteration":353,"passed_time":1.276854525,"remaining_time":2.330079161},
{"learn":[9368.306285],"iteration":354,"passed_time":1.280178911,"remaining_time":2.325958867},
{"learn":[9348.533694],"iteration":355,"passed_time":1.283551296,"remaining_time":2.321929872},
{"learn":[9331.079531],"iteration":356,"passed_time":1.286989908,"remaining_time":2.318023839},
{"learn":[9314.588182],"iteration":357,"passed_time":1.290464998,"remaining_time":2.314185835},
{"learn":[9300.612859],"iteration":358,"passed_time":1.293871922,"remaining_time":2.31022814},
{"learn":[9278.796665],"iteration":359,"passed_time":1.297297974,"remaining_time":2.306307509},
{"learn":[9260.502917],"iteration":360,"passed_time":1.300591143,"remaining_time":2.302154405},
{"learn":[9248.451104],"iteration":361,"passed_time":1.303963087,"remaining_time":2.298144888},
{"learn":[9237.048409],"iteration":362,"passed_time":1.307383925,"remaining_time":2.294224684},
{"learn":[9221.99346],"iteration":363,"passed_time":1.310898553,"remaining_time":2.290471098},
{"learn":[9206.597341],"iteration":364,"passed_time":1.314279732,"remaining_time":2.286486657},
{"learn":[9192.426054],"iteration":365,"passed_time":1.31773145,"remaining_time":2.282627704},
{"learn":[9179.592856],"iteration":366,"passed_time":1.321231721,"remaining_time":2.278854713},
{"learn":[9169.212502],"iteration":367,"passed_time":1.324712505,"remaining_time":2.275049737},
{"learn":[9158.931707],"iteration":368,"passed_time":1.328181175,"remaining_time":2.271225803},
{"learn":[9137.815872],"iteration":369,"passed_time":1.33153407,"remaining_time":2.267206659},
{"learn":[9126.731407],"iteration":370,"passed_time":1.33493019,"remaining_time":2.263264393},
{"learn":[9106.004198],"iteration":371,"passed_time":1.338459686,"remaining_time":2.259550222},
{"learn":[9091.906295],"iteration":372,"passed_time":1.341738223,"remaining_time":2.255415189},
{"learn":[9080.699428],"iteration":373,"passed_time":1.345204691,"remaining_time":2.251599296},
{"learn":[9071.608806],"iteration":374,"passed_time":1.34871758,"remaining_time":2.247862633},
{"learn":[9062.354711],"iteration":375,"passed_time":1.352169712,"remaining_time":2.24402633},
{"learn":[9052.186596],"iteration":376,"passed_time":1.355548767,"remaining_time":2.240071304},
{"learn":[9034.508345],"iteration":377,"passed_time":1.359077436,"remaining_time":2.236365517},
{"learn":[9024.541146],"iteration":378,"passed_time":1.362506938,"remaining_time":2.232498175},
{"learn":[9018.168663],"iteration":379,"passed_time":1.365958808,"remaining_time":2.228669634},
{"learn":[9008.579668],"iteration":380,"passed_time":1.369358216,"remaining_time":2.224757837},
{"learn":[8996.088439],"iteration":381,"passed_time":1.372896321,"remaining_time":2.221073106},
{"learn":[8984.292411],"iteration":382,"passed_time":1.376330157,"remaining_time":2.217221166},
{"learn":[8975.573048],"iteration":383,"passed_time":1.379760838,"remaining_time":2.213366344},
{"learn":[8968.978727],"iteration":384,"passed_time":1.383229121,"remaining_time":2.209573791},
{"learn":[8951.381623],"iteration":385,"passed_time":1.386797117,"remaining_time":2.205941528},
{"learn":[8938.328496],"iteration":386,"passed_time":1.390210258,"remaining_time":2.202064311},
{"learn":[8930.756432],"iteration":387,"passed_time":1.393543536,"remaining_time":2.198063516},
{"learn":[8915.589408],"iteration":388,"passed_time":1.397132959,"remaining_time":2.194468478},
{"learn":[8900.284304],"iteration":389,"passed_time":1.400690115,"remaining_time":2.190823},
{"learn":[8888.933776],"iteration":390,"passed_time":1.404206557,"remaining_time":2.187114561},
{"learn":[8877.004073],"iteration":391,"passed_time":1.40767733,"remaining_time":2.183336266},
{"learn":[8871.113133],"iteration":392,"passed_time":1.411089121,"remaining_time":2.179468438},
{"learn":[8860.996519],"iteration":393,"passed_time":1.41455791,"remaining_time":2.175690593},
{"learn":[8840.286657],"iteration":394,"passed_time":1.417877133,"remaining_time":2.171685229},
{"learn":[8830.03223],"iteration":395,"passed_time":1.421300014,"remaining_time":2.167841436},
{"learn":[8819.43996],"iteration":396,"passed_time":1.424695073,"remaining_time":2.163957503},
{"learn":[8804.333504],"iteration":397,"passed_time":1.428034931,"remaining_time":2.159992534},
{"learn":[8793.780587],"iteration":398,"passed_time":1.431477959,"remaining_time":2.156186098},
{"learn":[8786.375892],"iteration":399,"passed_time":1.434749613,"remaining_time":2.152124419},
{"learn":[8774.45156],"iteration":400,"passed_time":1.438165875,"remaining_time":2.14828269},
{"learn":[8763.797214],"iteration":401,"passed_time":1.441475005,"remaining_time":2.144283714},
{"learn":[8754.01384],"iteration":402,"passed_time":1.444857444,"remaining_time":2.140396759},
{"learn":[8729.029447],"iteration":403,"passed_time":1.448285582,"remaining_time":2.136579721},
{"learn":[8717.483253],"iteration":404,"passed_time":1.451736498,"remaining_time":2.132798066},
{"learn":[8710.793645],"iteration":405,"passed_time":1.455219763,"remaining_time":2.129065367},
{"learn":[8703.679163],"iteration":406,"passed_time":1.458482072,"remaining_time":2.125011962},
{"learn":[8690.865635],"iteration":407,"passed_time":1.462057523,"remaining_time":2.121416798},
{"learn":[8676.796719],"iteration":408,"passed_time":1.465442716,"remaining_time":2.117546809},
{"learn":[8664.348889],"iteration":409,"passed_time":1.468972836,"remaining_time":2.11388774},
{"learn":[8658.623325],"iteration":410,"passed_time":1.472263857,"remaining_time":2.109886647},
{"learn":[8646.996441],"iteration":411,"passed_time":1.475661532,"remaining_time":2.106041216},
{"learn":[8629.142259],"iteration":412,"passed_time":1.478983588,"remaining_time":2.102090475},
{"learn":[8615.998619],"iteration":413,"passed_time":1.482352587,"remaining_time":2.098209217},
{"learn":[8599.598501],"iteration":414,"passed_time":1.485863093,"remaining_time":2.094529902},
{"learn":[8581.247044],"iteration":415,"passed_time":1.48920015,"remaining_time":2.090607904},
{"learn":[8566.006644],"iteration":416,"passed_time":1.492515271,"remaining_time":2.086658041},
{"learn":[8554.815308],"iteration":417,"passed_time":1.49594991,"remaining_time":2.082877625},
{"learn":[8542.231595],"iteration":418,"passed_time":1.499486184,"remaining_time":2.079239791},
{"learn":[8532.988437],"iteration":419,"passed_time":1.503015879,"remaining_time":2.075593357},
{"learn":[8518.50723],"iteration":420,"passed_time":1.50650865,"remaining_time":2.071896694},
{"learn":[8508.471392],"iteration":421,"passed_time":1.510029647,"remaining_time":2.068239659},
{"learn":[8491.292682],"iteration":422,"passed_time":1.513585825,"remaining_time":2.064631255},
{"learn":[8478.372502],"iteration":423,"passed_time":1.517124001,"remaining_time":2.060998643},
{"learn":[8462.335094],"iteration":424,"passed_time":1.520572596,"remaining_time":2.057245277},
{"learn":[8453.350638],"iteration":425,"passed_time":1.524182105,"remaining_time":2.053710161},
{"learn":[8439.691794],"iteration":426,"passed_time":1.527577729,"remaining_time":2.049887678},
{"learn":[8425.99062],"iteration":427,"passed_time":1.530973016,"remaining_time":2.046066741},
{"learn":[8407.592986],"iteration":428,"passed_time":1.53451306,"remaining_time":2.04244046},
{"learn":[8394.211482],"iteration":429,"passed_time":1.537845892,"remaining_time":2.038539903},
{"learn":[8380.668609],"iteration":430,"passed_time":1.541240396,"remaining_time":2.034723399},
{"learn":[8371.177985],"iteration":431,"passed_time":1.544791613,"remaining_time":2.031114899},
{"learn":[8360.864813],"iteration":432,"passed_time":1.548359594,"remaining_time":2.027528614},
{"learn":[8354.485736],"iteration":433,"passed_time":1.551880324,"remaining_time":2.023880791},
{"learn":[8347.892368],"iteration":434,"passed_time":1.555249985,"remaining_time":2.020037337},
{"learn":[8336.122365],"iteration":435,"passed_time":1.558531666,"remaining_time":2.016082247},
{"learn":[8329.758156],"iteration":436,"passed_time":1.561928418,"remaining_time":2.012278489},
{"learn":[8317.338316],"iteration":437,"passed_time":1.565468741,"remaining_time":2.008660805},
{"learn":[8310.770028],"iteration":438,"passed_time":1.56890614,"remaining_time":2.004911947},
{"learn":[8297.597385],"iteration":439,"passed_time":1.572433467,"remaining_time":2.001278958},
{"learn":[8286.557151],"iteration":440,"passed_time":1.575694533,"remaining_time":1.997308943},
{"learn":[8279.048328],"iteration":441,"passed_time":1.579255431,"remaining_time":1.993720657},
{"learn":[8264.647569],"iteration":442,"passed_time":1.582761291,"remaining_time":1.990063294},
{"learn":[8256.414698],"iteration":443,"passed_time":1.586205663,"remaining_time":1.986329614},
{"learn":[8243.070358],"iteration":444,"passed_time":1.589703737,"remaining_time":1.982664212},
{"learn":[8235.360404],"iteration":445,"passed_time":1.593209461,"remaining_time":1.979009062},
{"learn":[8234.041283],"iteration":446,"passed_time":1.596468704,"remaining_time":1.97504965},
{"learn":[8218.762033],"iteration":447,"passed_time":1.599919806,"remaining_time":1.971329762},
{"learn":[8205.923119],"iteration":448,"passed_time":1.603307522,"remaining_time":1.967533284},
{"learn":[8191.686853],"iteration":449,"passed_time":1.60676477,"remaining_time":1.963823608},
{"learn":[8178.786501],"iteration":450,"passed_time":1.610262193,"remaining_time":1.960163956},
{"learn":[8166.152215],"iteration":451,"passed_time":1.61361938,"remaining_time":1.956335},
{"learn":[8157.748487],"iteration":452,"passed_time":1.617134636,"remaining_time":1.952698998},
{"learn":[8146.14094],"iteration":453,"passed_time":1.620648673,"remaining_time":1.94906206},
{"learn":[8137.696712],"iteration":454,"passed_time":1.624023498,"remaining_time":1.945258915},
{"learn":[8125.655052],"iteration":455,"passed_time":1.62757254,"remaining_time":1.941665487},
{"learn":[8119.297589],"iteration":456,"passed_time":1.631005794,"remaining_time":1.937934674},
{"learn":[8109.838971],"iteration":457,"passed_time":1.634495325,"remaining_time":1.93427176},
{"learn":[8101.399312],"iteration":458,"passed_time":1.637963897,"remaining_time":1.930584898},
{"learn":[8090.941424],"iteration":459,"passed_time":1.641428852,"remaining_time":1.92689474},
{"learn":[8079.783947],"iteration":460,"passed_time":1.644825648,"remaining_time":1.923125866},
{"learn":[8071.080244],"iteration":461,"passed_time":1.648210418,"remaining_time":1.919344599},
{"learn":[8065.815779],"iteration":462,"passed_time":1.651594782,"remaining_time":1.915564575},
{"learn":[8057.246234],"iteration":463,"passed_time":1.655150356,"remaining_time":1.911984032},
{"learn":[8046.127811],"iteration":464,"passed_time":1.658552919,"remaining_time":1.908227552},
{"learn":[8036.454673],"iteration":465,"passed_time":1.662001015,"remaining_time":1.904524768},
{"learn":[8027.359391],"iteration":466,"passed_time":1.665389638,"remaining_time":1.900755197},
{"learn":[8015.588905],"iteration":467,"passed_time":1.668926087,"remaining_time":1.897155296},
{"learn":[8002.528427],"iteration":468,"passed_time":1.672413604,"remaining_time":1.893500263},
{"learn":[7998.689084],"iteration":469,"passed_time":1.675914962,"remaining_time":1.889861553},
{"learn":[7994.66556],"iteration":470,"passed_time":1.679397031,"remaining_time":1.886201761},
{"learn":[7984.840133],"iteration":471,"passed_time":1.682908995,"remaining_time":1.882576163},
{"learn":[7974.947914],"iteration":472,"passed_time":1.686345807,"remaining_time":1.878867316},
{"learn":[7969.245072],"iteration":473,"passed_time":1.689851108,"remaining_time":1.875235618},
{"learn":[7958.986667],"iteration":474,"passed_time":1.693285779,"remaining_time":1.871526387},
{"learn":[7951.682358],"iteration":475,"passed_time":1.696777186,"remaining_time":1.867880768},
{"learn":[7944.473734],"iteration":476,"passed_time":1.700268572,"remaining_time":1.864235772},
{"learn":[7936.978305],"iteration":477,"passed_time":1.70382365,"remaining_time":1.860660973},
{"learn":[7925.077034],"iteration":478,"passed_time":1.707302159,"remaining_time":1.857002975},
{"learn":[7918.212756],"iteration":479,"passed_time":1.710884203,"remaining_time":1.853457887},
{"learn":[7908.179803],"iteration":480,"passed_time":1.714269578,"remaining_time":1.849700439},
{"learn":[7899.546308],"iteration":481,"passed_time":1.717642095,"remaining_time":1.845930716},
{"learn":[7889.65664],"iteration":482,"passed_time":1.721009082,"remaining_time":1.842156719},
{"learn":[7881.592063],"iteration":483,"passed_time":1.724428835,"remaining_time":1.838440659},
{"learn":[7875.18733],"iteration":484,"passed_time":1.727824697,"remaining_time":1.834700452},
{"learn":[7863.800124],"iteration":485,"passed_time":1.731623669,"remaining_time":1.831387996},
{"learn":[7855.514676],"iteration":486,"passed_time":1.735116063,"remaining_time":1.827750596},
{"learn":[7850.352707],"iteration":487,"passed_time":1.738565139,"remaining_time":1.824068342},
{"learn":[7836.539695],"iteration":488,"passed_time":1.741985516,"remaining_time":1.820357053},
{"learn":[7832.407095],"iteration":489,"passed_time":1.745450326,"remaining_time":1.816693197},
{"learn":[7828.134229],"iteration":490,"passed_time":1.748834857,"remaining_time":1.81294693},
{"learn":[7821.8845],"iteration":491,"passed_time":1.752264124,"remaining_time":1.809248323},
{"learn":[7816.444556],"iteration":492,"passed_time":1.755667792,"remaining_time":1.805524483},
{"learn":[7807.377728],"iteration":493,"passed_time":1.759176816,"remaining_time":1.801909856},
{"learn":[7796.123087],"iteration":494,"passed_time":1.762621296,"remaining_time":1.798229807},
{"learn":[7787.923316],"iteration":495,"passed_time":1.766027489,"remaining_time":1.794511803},
{"learn":[7780.65521],"iteration":496,"passed_time":1.769643863,"remaining_time":1.791007773},
{"learn":[7773.22915],"iteration":497,"passed_time":1.773225566,"remaining_time":1.787468342},
{"learn":[7767.058479],"iteration":498,"passed_time":1.7768072,"remaining_time":1.783928672},
{"learn":[7759.896905],"iteration":499,"passed_time":1.780338332,"remaining_time":1.780338332},
{"learn":[7753.717699],"iteration":500,"passed_time":1.783750177,"remaining_time":1.776629418},
{"learn":[7746.885761],"iteration":501,"passed_time":1.787251155,"remaining_time":1.77301011},
{"learn":[7739.890901],"iteration":502,"passed_time":1.790695591,"remaining_time":1.769335405},
{"learn":[7733.669078],"iteration":503,"passed_time":1.794161782,"remaining_time":1.765683024},
{"learn":[7721.805147],"iteration":504,"passed_time":1.797671956,"remaining_time":1.762074492},
{"learn":[7717.519728],"iteration":505,"passed_time":1.801102749,"remaining_time":1.75838885},
{"learn":[7703.952723],"iteration":506,"passed_time":1.804662352,"remaining_time":1.754829467},
{"learn":[7691.969253],"iteration":507,"passed_time":1.808135546,"remaining_time":1.751186395},
{"learn":[7688.406403],"iteration":508,"passed_time":1.811611981,"remaining_time":1.747547117},
{"learn":[7680.356502],"iteration":509,"passed_time":1.815180205,"remaining_time":1.743996668},
{"learn":[7670.074478],"iteration":510,"passed_time":1.818734553,"remaining_time":1.740432869},
{"learn":[7665.892334],"iteration":511,"passed_time":1.822145298,"remaining_time":1.736732237},
{"learn":[7654.689294],"iteration":512,"passed_time":1.825690718,"remaining_time":1.733160584},
{"learn":[7647.865929],"iteration":513,"passed_time":1.829261257,"remaining_time":1.729612784},
{"learn":[7640.164046],"iteration":514,"passed_time":1.832834353,"remaining_time":1.726067303},
{"learn":[7626.890554],"iteration":515,"passed_time":1.836377549,"remaining_time":1.72249367},
{"learn":[7620.47273],"iteration":516,"passed_time":1.839887873,"remaining_time":1.718889444},
{"learn":[7610.622812],"iteration":517,"passed_time":1.843302264,"remaining_time":1.715196315},
{"learn":[7599.07043],"iteration":518,"passed_time":1.846910289,"remaining_time":1.711683717},
{"learn":[7593.960451],"iteration":519,"passed_time":1.850300693,"remaining_time":1.70796987},
{"learn":[7584.107227],"iteration":520,"passed_time":1.853786679,"remaining_time":1.704345142},
{"learn":[7581.828063],"iteration":521,"passed_time":1.857120469,"remaining_time":1.700581579},
{"learn":[7572.961877],"iteration":522,"passed_time":1.860625445,"remaining_time":1.696975789},
{"learn":[7557.437844],"iteration":523,"passed_time":1.864042537,"remaining_time":1.693290549},
{"learn":[7547.169032],"iteration":524,"passed_time":1.867563789,"remaining_time":1.689700571},
{"learn":[7541.248923],"iteration":525,"passed_time":1.871107649,"remaining_time":1.686131228},
{"learn":[7531.418028],"iteration":526,"passed_time":1.874624318,"remaining_time":1.682537576},
{"learn":[7526.621709],"iteration":527,"passed_time":1.878125451,"remaining_time":1.678930328},
{"learn":[7520.925238],"iteration":528,"passed_time":1.881633628,"remaining_time":1.675329752},
{"learn":[7508.651704],"iteration":529,"passed_time":1.885088034,"remaining_time":1.671681842},
{"learn":[7503.346223],"iteration":530,"passed_time":1.888516145,"remaining_time":1.668011435},
{"learn":[7491.155207],"iteration":531,"passed_time":1.891992877,"remaining_time":1.664384711},
{"learn":[7484.993729],"iteration":532,"passed_time":1.895484493,"remaining_time":1.660771591},
{"learn":[7483.488452],"iteration":533,"passed_time":1.898872744,"remaining_time":1.657068724},
{"learn":[7477.627092],"iteration":534,"passed_time":1.902319214,"remaining_time":1.653417635},
{"learn":[7470.394059],"iteration":535,"passed_time":1.905778724,"remaining_time":1.649778597},
{"learn":[7463.794503],"iteration":536,"passed_time":1.909235457,"remaining_time":1.646137834},
{"learn":[7450.024761],"iteration":537,"passed_time":1.912651886,"remaining_time":1.642463144},
{"learn":[7440.87343],"iteration":538,"passed_time":1.915979308,"remaining_time":1.638713285},
{"learn":[7431.128211],"iteration":539,"passed_time":1.919499723,"remaining_time":1.635129394},
{"learn":[7425.021887],"iteration":540,"passed_time":1.922805312,"remaining_time":1.631363472},
{"learn":[7416.679773],"iteration":541,"passed_time":1.926387434,"remaining_time":1.627832924},
{"learn":[7403.662908],"iteration":542,"passed_time":1.929725259,"remaining_time":1.624096581},
{"learn":[7397.239096],"iteration":543,"passed_time":1.933237893,"remaining_time":1.620508234},
{"learn":[7389.969471],"iteration":544,"passed_time":1.936660221,"remaining_time":1.616844772},
{"learn":[7379.43324],"iteration":545,"passed_time":1.940090725,"remaining_time":1.613188991},
{"learn":[7376.368966],"iteration":546,"passed_time":1.943607119,"remaining_time":1.609605164},
{"learn":[7365.364606],"iteration":547,"passed_time":1.946917271,"remaining_time":1.605851471},
{"learn":[7360.813577],"iteration":548,"passed_time":1.950400291,"remaining_time":1.602241405},
{"learn":[7354.334208],"iteration":549,"passed_time":1.953944209,"remaining_time":1.598681625},
{"learn":[7349.770456],"iteration":550,"passed_time":1.957376648,"remaining_time":1.595031062},
{"learn":[7343.06985],"iteration":551,"passed_time":1.960819762,"remaining_time":1.591389952},
{"learn":[7338.352167],"iteration":552,"passed_time":1.964384647,"remaining_time":1.587847987},
{"learn":[7334.521926],"iteration":553,"passed_time":1.967754234,"remaining_time":1.584148715},
{"learn":[7323.772814],"iteration":554,"passed_time":1.971334687,"remaining_time":1.580619704},
{"learn":[7318.05662],"iteration":555,"passed_time":1.974813196,"remaining_time":1.577009099},
{"learn":[7312.581017],"iteration":556,"passed_time":1.978425888,"remaining_time":1.573505688},
{"learn":[7305.086465],"iteration":557,"passed_time":1.981892432,"remaining_time":1.56988612},
{"learn":[7299.11081],"iteration":558,"passed_time":1.985385426,"remaining_time":1.566287966},
{"learn":[7292.114535],"iteration":559,"passed_time":1.988854938,"remaining_time":1.562671737},
{"learn":[7289.679114],"iteration":560,"passed_time":1.992193861,"remaining_time":1.558953841},
{"learn":[7283.767573],"iteration":561,"passed_time":1.995876991,"remaining_time":1.555505555},
{"learn":[7282.031453],"iteration":562,"passed_time":1.999451754,"remaining_time":1.551972321},
{"learn":[7269.768359],"iteration":563,"passed_time":2.003168403,"remaining_time":1.548548624},
{"learn":[7263.833956],"iteration":564,"passed_time":2.006589379,"remaining_time":1.544896248},
{"learn":[7249.253699],"iteration":565,"passed_time":2.01007947,"remaining_time":1.541297686},
{"learn":[7242.279038],"iteration":566,"passed_time":2.013711406,"remaining_time":1.537807829},
{"learn":[7234.174215],"iteration":567,"passed_time":2.017383917,"remaining_time":1.534348331},
{"learn":[7225.695941],"iteration":568,"passed_time":2.021015086,"remaining_time":1.53085677},
{"learn":[7223.553327],"iteration":569,"passed_time":2.024484597,"remaining_time":1.527242766},
{"learn":[7219.419976],"iteration":570,"passed_time":2.028035589,"remaining_time":1.523690486},
{"learn":[7214.231251],"iteration":571,"passed_time":2.031525169,"remaining_time":1.520092259},
{"learn":[7202.822617],"iteration":572,"passed_time":2.035170772,"remaining_time":1.51661068},
{"learn":[7193.428517],"iteration":573,"passed_time":2.038764184,"remaining_time":1.513089795},
{"learn":[7190.89401],"iteration":574,"passed_time":2.042140717,"remaining_time":1.509408356},
{"learn":[7187.927463],"iteration":575,"passed_time":2.045655807,"remaining_time":1.505829969},
{"learn":[7184.650784],"iteration":576,"passed_time":2.049060357,"remaining_time":1.502170764},
{"learn":[7180.800462],"iteration":577,"passed_time":2.052503074,"remaining_time":1.498540307},
{"learn":[7168.934356],"iteration":578,"passed_time":2.055979174,"remaining_time":1.494934771},
{"learn":[7156.163866],"iteration":579,"passed_time":2.059436502,"remaining_time":1.491316087},
{"learn":[7148.212424],"iteration":580,"passed_time":2.062888786,"remaining_time":1.487694322},
{"learn":[7139.85642],"iteration":581,"passed_time":2.06639499,"remaining_time":1.484111865},
{"learn":[7136.603722],"iteration":582,"passed_time":2.069903696,"remaining_time":1.48053146},
{"learn":[7126.523421],"iteration":583,"passed_time":2.07325105,"remaining_time":1.476836364},
{"learn":[7119.275491],"iteration":584,"passed_time":2.076798019,"remaining_time":1.473284065},
{"learn":[7111.793985],"iteration":585,"passed_time":2.080326733,"remaining_time":1.469718887},
{"learn":[7107.19894],"iteration":586,"passed_time":2.083757957,"remaining_time":1.466085241},
{"learn":[7101.311203],"iteration":587,"passed_time":2.087209964,"remaining_time":1.462466845},
{"learn":[7096.970945],"iteration":588,"passed_time":2.090611231,"remaining_time":1.458813609},
{"learn":[7086.051088],"iteration":589,"passed_time":2.094045592,"remaining_time":1.455184225},
{"learn":[7078.976773],"iteration":590,"passed_time":2.097512307,"remaining_time":1.451577891},
{"learn":[7069.689338],"iteration":591,"passed_time":2.101019399,"remaining_time":1.447999856},
{"learn":[7060.886088],"iteration":592,"passed_time":2.104448973,"remaining_time":1.444368857},
{"learn":[7057.705464],"iteration":593,"passed_time":2.107979009,"remaining_time":1.440807202},
{"learn":[7047.717257],"iteration":594,"passed_time":2.111528668,"remaining_time":1.437259009},
{"learn":[7041.396057],"iteration":595,"passed_time":2.114942328,"remaining_time":1.433618625},
{"learn":[7026.078112],"iteration":596,"passed_time":2.118339011,"remaining_time":1.42996754},
{"learn":[7021.013178],"iteration":597,"passed_time":2.121863282,"remaining_time":1.426403076},
{"learn":[7018.498419],"iteration":598,"passed_time":2.125424162,"remaining_time":1.422863254},
{"learn":[7010.925431],"iteration":599,"passed_time":2.128757428,"remaining_time":1.419171619},
{"learn":[7006.703185],"iteration":600,"passed_time":2.132173914,"remaining_time":1.415536426},
{"learn":[7001.909236],"iteration":601,"passed_time":2.135718647,"remaining_time":1.411986746},
{"learn":[6998.384799],"iteration":602,"passed_time":2.139075615,"remaining_time":1.408313465},
{"learn":[6993.292727],"iteration":603,"passed_time":2.142543034,"remaining_time":1.404713645},
{"learn":[6990.806297],"iteration":604,"passed_time":2.145962496,"remaining_time":1.401082952},
{"learn":[6984.437264],"iteration":605,"passed_time":2.149335462,"remaining_time":1.397422726},
{"learn":[6974.51463],"iteration":606,"passed_time":2.152752146,"remaining_time":1.393791752},
{"learn":[6967.491556],"iteration":607,"passed_time":2.156241174,"remaining_time":1.390208125},
{"learn":[6959.924731],"iteration":608,"passed_time":2.159602068,"remaining_time":1.386542543},
{"learn":[6952.880575],"iteration":609,"passed_time":2.162885892,"remaining_time":1.382828685},
{"learn":[6946.394143],"iteration":610,"passed_time":2.166310569,"remaining_time":1.379205911},
{"learn":[6942.632758],"iteration":611,"passed_time":2.169778032,"remaining_time":1.375610909},
{"learn":[6935.757468],"iteration":612,"passed_time":2.173225174,"remaining_time":1.372003495},
{"learn":[6932.837506],"iteration":613,"passed_time":2.176652997,"remaining_time":1.368384457},
{"learn":[6926.274778],"iteration":614,"passed_time":2.18003343,"remaining_time":1.364736375},
{"learn":[6922.629026],"iteration":615,"passed_time":2.183382783,"remaining_time":1.361069787},
{"learn":[6918.093656],"iteration":616,"passed_time":2.186856929,"remaining_time":1.357481692},
{"learn":[6912.844861],"iteration":617,"passed_time":2.190347019,"remaining_time":1.353903821},
{"learn":[6906.414271],"iteration":618,"passed_time":2.193857609,"remaining_time":1.350338851},
{"learn":[6899.228396],"iteration":619,"passed_time":2.197283334,"remaining_time":1.346722043},
{"learn":[6881.726163],"iteration":620,"passed_time":2.200708656,"remaining_time":1.343105605},
{"learn":[6879.71293],"iteration":621,"passed_time":2.204118105,"remaining_time":1.339480134},
{"learn":[6872.904893],"iteration":622,"passed_time":2.207374875,"remaining_time":1.335762966},
{"learn":[6868.257939],"iteration":623,"passed_time":2.210828668,"remaining_time":1.332165992},
{"learn":[6863.278231],"iteration":624,"passed_time":2.214292906,"remaining_time":1.328575743},
{"learn":[6860.169302],"iteration":625,"passed_time":2.218098677,"remaining_time":1.325189944},
{"learn":[6855.622998],"iteration":626,"passed_time":2.221619513,"remaining_time":1.321633299},
{"learn":[6849.019321],"iteration":627,"passed_time":2.225168757,"remaining_time":1.318093595},
{"learn":[6845.417067],"iteration":628,"passed_time":2.2286006,"remaining_time":1.314484614},
{"learn":[6841.400212],"iteration":629,"passed_time":2.23203753,"remaining_time":1.310879184},
{"learn":[6833.206792],"iteration":630,"passed_time":2.235538177,"remaining_time":1.307311549},
{"learn":[6831.695476],"iteration":631,"passed_time":2.23880226,"remaining_time":1.303606379},
{"learn":[6827.466429],"iteration":632,"passed_time":2.242239267,"remaining_time":1.300002861},
{"learn":[6825.265449],"iteration":633,"passed_time":2.245660885,"remaining_time":1.296390984},
{"learn":[6819.277582],"iteration":634,"passed_time":2.249188089,"remaining_time":1.292840397},
{"learn":[6813.743563],"iteration":635,"passed_time":2.25253934,"remaining_time":1.289189182},
{"learn":[6797.224383],"iteration":636,"passed_time":2.256019932,"remaining_time":1.285612614},
{"learn":[6792.008519],"iteration":637,"passed_time":2.259494124,"remaining_time":1.282032716},
{"learn":[6789.474469],"iteration":638,"passed_time":2.262996732,"remaining_time":1.278469202},
{"learn":[6783.404282],"iteration":639,"passed_time":2.266421177,"remaining_time":1.274861912},
{"learn":[6777.982452],"iteration":640,"passed_time":2.269825786,"remaining_time":1.271244083},
{"learn":[6776.408148],"iteration":641,"passed_time":2.27332068,"remaining_time":1.267677264},
{"learn":[6770.499301],"iteration":642,"passed_time":2.276842467,"remaining_time":1.2641256},
{"learn":[6768.675257],"iteration":643,"passed_time":2.280124955,"remaining_time":1.260441746},
{"learn":[6764.072381],"iteration":644,"passed_time":2.283680076,"remaining_time":1.256909189},
{"learn":[6761.202909],"iteration":645,"passed_time":2.287249141,"remaining_time":1.253384204},
{"learn":[6756.663068],"iteration":646,"passed_time":2.290686418,"remaining_time":1.24978718},
{"learn":[6753.342714],"iteration":647,"passed_time":2.29419095,"remaining_time":1.246227183},
{"learn":[6746.20133],"iteration":648,"passed_time":2.297759558,"remaining_time":1.242702011},
{"learn":[6743.924165],"iteration":649,"passed_time":2.301107012,"remaining_time":1.239057622},
{"learn":[6736.730285],"iteration":650,"passed_time":2.304560777,"remaining_time":1.235471139},
{"learn":[6728.4185],"iteration":651,"passed_time":2.307916772,"remaining_time":1.231832878},
{"learn":[6720.538003],"iteration":652,"passed_time":2.311305808,"remaining_time":1.228213041},
{"learn":[6717.117365],"iteration":653,"passed_time":2.314783602,"remaining_time":1.224640866},
{"learn":[6713.370165],"iteration":654,"passed_time":2.318243087,"remaining_time":1.221059336},
{"learn":[6707.085125],"iteration":655,"passed_time":2.321791003,"remaining_time":1.21752455},
{"learn":[6704.605621],"iteration":656,"passed_time":2.325270625,"remaining_time":1.21395407},
{"learn":[6695.825685],"iteration":657,"passed_time":2.328768708,"remaining_time":1.210393462},
{"learn":[6684.015655],"iteration":658,"passed_time":2.332095188,"remaining_time":1.206744247},
{"learn":[6675.792975],"iteration":659,"passed_time":2.335481306,"remaining_time":1.203126734},
{"learn":[6671.466974],"iteration":660,"passed_time":2.338844388,"remaining_time":1.199498105},
{"learn":[6669.200924],"iteration":661,"passed_time":2.342314743,"remaining_time":1.19592505},
{"learn":[6662.912607],"iteration":662,"passed_time":2.345779853,"remaining_time":1.192349638},
{"learn":[6656.166216],"iteration":663,"passed_time":2.349305897,"remaining_time":1.188805394},
{"learn":[6655.426533],"iteration":664,"passed_time":2.35266495,"remaining_time":1.18517708},
{"learn":[6648.976189],"iteration":665,"passed_time":2.356175285,"remaining_time":1.181625443},
{"learn":[6637.337866],"iteration":666,"passed_time":2.359578621,"remaining_time":1.178020511},
{"learn":[6631.415996],"iteration":667,"passed_time":2.363115573,"remaining_time":1.17448259},
{"learn":[6630.251707],"iteration":668,"passed_time":2.366392065,"remaining_time":1.170815805},
{"learn":[6625.61401],"iteration":669,"passed_time":2.369881069,"remaining_time":1.167254855},
{"learn":[6618.250096],"iteration":670,"passed_time":2.373216703,"remaining_time":1.16361892},
{"learn":[6612.011444],"iteration":671,"passed_time":2.376762639,"remaining_time":1.160086526},
{"learn":[6609.220521],"iteration":672,"passed_time":2.380251813,"remaining_time":1.156526513},
{"learn":[6607.23159],"iteration":673,"passed_time":2.383753511,"remaining_time":1.152972767},
{"learn":[6603.78866],"iteration":674,"passed_time":2.387249841,"remaining_time":1.14941659},
{"learn":[6596.329107],"iteration":675,"passed_time":2.390732088,"remaining_time":1.145853841},
{"learn":[6588.894267],"iteration":676,"passed_time":2.39412625,"remaining_time":1.142249304},
{"learn":[6584.164924],"iteration":677,"passed_time":2.397534041,"remaining_time":1.13865186},
{"learn":[6581.373655],"iteration":678,"passed_time":2.401054426,"remaining_time":1.135108205},
{"learn":[6575.827404],"iteration":679,"passed_time":2.4045444,"remaining_time":1.131550306},
{"learn":[6567.330444],"iteration":680,"passed_time":2.408052125,"remaining_time":1.128000922},
{"learn":[6562.97727],"iteration":681,"passed_time":2.411430182,"remaining_time":1.124391199},
{"learn":[6556.569814],"iteration":682,"passed_time":2.414912981,"remaining_time":1.120830769},
{"learn":[6555.189484],"iteration":683,"passed_time":2.418398776,"remaining_time":1.117271949},
{"learn":[6551.60762],"iteration":684,"passed_time":2.421919685,"remaining_time":1.11372949},
{"learn":[6546.903891],"iteration":685,"passed_time":2.42551806,"remaining_time":1.110222552},
{"learn":[6543.218277],"iteration":686,"passed_time":2.428980036,"remaining_time":1.106653204},
{"learn":[6540.414463],"iteration":687,"passed_time":2.432474752,"remaining_time":1.103099015},
{"learn":[6537.045132],"iteration":688,"passed_time":2.435964528,"remaining_time":1.09954277},
{"learn":[6532.794206],"iteration":689,"passed_time":2.439463453,"remaining_time":1.095990827},
{"learn":[6529.461949],"iteration":690,"passed_time":2.442961475,"remaining_time":1.092438634},
{"learn":[6526.219958],"iteration":691,"passed_time":2.446536907,"remaining_time":1.088921051},
{"learn":[6520.713832],"iteration":692,"passed_time":2.450024774,"remaining_time":1.08536451},
{"learn":[6519.717787],"iteration":693,"passed_time":2.453324854,"remaining_time":1.081725368},
{"learn":[6516.905489],"iteration":694,"passed_time":2.456813621,"remaining_time":1.078170006},
{"learn":[6511.423515],"iteration":695,"passed_time":2.460464308,"remaining_time":1.07468556},
{"learn":[6507.650237],"iteration":696,"passed_time":2.463853131,"remaining_time":1.071086799},
{"learn":[6502.796644],"iteration":697,"passed_time":2.467146668,"remaining_time":1.067447412},
{"learn":[6496.826392],"iteration":698,"passed_time":2.47056719,"remaining_time":1.063863697},
{"learn":[6490.935912],"iteration":699,"passed_time":2.47403737,"remaining_time":1.06030173},
{"learn":[6484.607117],"iteration":700,"passed_time":2.477464055,"remaining_time":1.056721473},
{"learn":[6475.570518],"iteration":701,"passed_time":2.48095227,"remaining_time":1.053167773},
{"learn":[6474.230872],"iteration":702,"passed_time":2.484382013,"remaining_time":1.049589556},
{"learn":[6469.089945],"iteration":703,"passed_time":2.487886373,"remaining_time":1.046043134},
{"learn":[6460.532115],"iteration":704,"passed_time":2.491392772,"remaining_time":1.042497685},
{"learn":[6457.197774],"iteration":705,"passed_time":2.494743616,"remaining_time":1.038887568},
{"learn":[6447.580812],"iteration":706,"passed_time":2.498131956,"remaining_time":1.035293724},
{"learn":[6442.143591],"iteration":707,"passed_time":2.501606783,"remaining_time":1.031736131},
{"learn":[6431.317854],"iteration":708,"passed_time":2.504978967,"remaining_time":1.028136642},
{"learn":[6427.249378],"iteration":709,"passed_time":2.508559838,"remaining_time":1.024623032},
{"learn":[6418.823361],"iteration":710,"passed_time":2.51202139,"remaining_time":1.021060734},
{"learn":[6415.145936],"iteration":711,"passed_time":2.515416759,"remaining_time":1.017471947},
{"learn":[6412.330172],"iteration":712,"passed_time":2.518976941,"remaining_time":1.013950045},
{"learn":[6411.521851],"iteration":713,"passed_time":2.522326315,"remaining_time":1.010343594},
{"learn":[6403.310257],"iteration":714,"passed_time":2.525889541,"remaining_time":1.006823104},
{"learn":[6398.605383],"iteration":715,"passed_time":2.52929814,"remaining_time":1.003241162},
{"learn":[6394.967203],"iteration":716,"passed_time":2.532704927,"remaining_time":0.9996589879},
{"learn":[6390.104475],"iteration":717,"passed_time":2.536136874,"remaining_time":0.9960871847},
{"learn":[6385.601553],"iteration":718,"passed_time":2.539464532,"remaining_time":0.9924750118},
{"learn":[6381.252315],"iteration":719,"passed_time":2.542900831,"remaining_time":0.9889058788},
{"learn":[6378.797456],"iteration":720,"passed_time":2.546351384,"remaining_time":0.9853426297},
{"learn":[6375.789708],"iteration":721,"passed_time":2.54976036,"remaining_time":0.9817636842},
{"learn":[6373.501747],"iteration":722,"passed_time":2.553142664,"remaining_time":0.97817499},
{"learn":[6369.810214],"iteration":723,"passed_time":2.556666596,"remaining_time":0.9746408571},
{"learn":[6367.212372],"iteration":724,"passed_time":2.560065206,"remaining_time":0.9710592162},
{"learn":[6363.982255],"iteration":725,"passed_time":2.56351224,"remaining_time":0.9674963552},
{"learn":[6360.692272],"iteration":726,"passed_time":2.567251794,"remaining_time":0.9640436587},
{"learn":[6352.12641],"iteration":727,"passed_time":2.570615477,"remaining_time":0.9604497387},
{"learn":[6346.464132],"iteration":728,"passed_time":2.574102473,"remaining_time":0.9569022909},
{"learn":[6340.038094],"iteration":729,"passed_time":2.577614012,"remaining_time":0.9533640867},
{"learn":[6334.666448],"iteration":730,"passed_time":2.581056421,"remaining_time":0.949800516},
{"learn":[6325.23203],"iteration":731,"passed_time":2.584437874,"remaining_time":0.9462149592},
{"learn":[6320.424954],"iteration":732,"passed_time":2.587900105,"remaining_time":0.9426593835},
{"learn":[6315.177729],"iteration":733,"passed_time":2.591335153,"remaining_time":0.9390942109},
{"learn":[6311.934006],"iteration":734,"passed_time":2.594668006,"remaining_time":0.9354925465},
{"learn":[6307.722145],"iteration":735,"passed_time":2.598193783,"remaining_time":0.9319608136},
{"learn":[6303.100778],"iteration":736,"passed_time":2.601624741,"remaining_time":0.9283952604},
{"learn":[6292.866529],"iteration":737,"passed_time":2.604960341,"remaining_time":0.9247962188},
{"learn":[6285.906088],"iteration":738,"passed_time":2.608349199,"remaining_time":0.9212166996},
{"learn":[6281.333138],"iteration":739,"passed_time":2.611689274,"remaining_time":0.9176205556},
{"learn":[6275.008022],"iteration":740,"passed_time":2.615060187,"remaining_time":0.914035882},
{"learn":[6268.194736],"iteration":741,"passed_time":2.618578276,"remaining_time":0.9105029586},
{"learn":[6265.857297],"iteration":742,"passed_time":2.622016845,"remaining_time":0.9069425696},
{"learn":[6263.382501],"iteration":743,"passed_time":2.625377719,"remaining_time":0.9033557743},
{"learn":[6260.099583],"iteration":744,"passed_time":2.629012654,"remaining_time":0.8998633915},
{"learn":[6256.219398],"iteration":745,"passed_time":2.632518778,"remaining_time":0.8963267688},
{"learn":[6252.942456],"iteration":746,"passed_time":2.635956574,"remaining_time":0.8927670859},
{"learn":[6248.374006],"iteration":747,"passed_time":2.639441414,"remaining_time":0.8892235779},
{"learn":[6243.977105],"iteration":748,"passed_time":2.643084415,"remaining_time":0.8857332287},
{"learn":[6238.320947],"iteration":749,"passed_time":2.646687657,"remaining_time":0.882229219},
{"learn":[6233.869056],"iteration":750,"passed_time":2.650071779,"remaining_time":0.8786522944},
{"learn":[6231.378142],"iteration":751,"passed_time":2.653636791,"remaining_time":0.8751355376},
{"learn":[6226.846866],"iteration":752,"passed_time":2.657220953,"remaining_time":0.8716249342},
{"learn":[6223.054992],"iteration":753,"passed_time":2.660655101,"remaining_time":0.868065192},
{"learn":[6219.275849],"iteration":754,"passed_time":2.664236285,"remaining_time":0.8645534964},
{"learn":[6218.271864],"iteration":755,"passed_time":2.667700573,"remaining_time":0.8610038888},
{"learn":[6216.742031],"iteration":756,"passed_time":2.671243079,"remaining_time":0.8574796145},
{"learn":[6214.151043],"iteration":757,"passed_time":2.674792384,"remaining_time":0.8539574629},
{"learn":[6209.964477],"iteration":758,"passed_time":2.678370472,"remaining_time":0.850444379},
{"learn":[6207.982226],"iteration":759,"passed_time":2.681867336,"remaining_time":0.8469054745},
{"learn":[6202.901431],"iteration":760,"passed_time":2.685457138,"remaining_time":0.8433958687},
{"learn":[6197.545125],"iteration":761,"passed_time":2.689031483,"remaining_time":0.8398812245},
{"learn":[6194.273114],"iteration":762,"passed_time":2.692496373,"remaining_time":0.8363324253},
{"learn":[6190.745599],"iteration":763,"passed_time":2.695864385,"remaining_time":0.83275392},
{"learn":[6188.740514],"iteration":764,"passed_time":2.699290302,"remaining_time":0.829193753},
{"learn":[6186.994685],"iteration":765,"passed_time":2.702919864,"remaining_time":0.8256961465},
{"learn":[6182.816345],"iteration":766,"passed_time":2.706383233,"remaining_time":0.8221477095},
{"learn":[6180.690616],"iteration":767,"passed_time":2.710016033,"remaining_time":0.8186506766},
{"learn":[6178.959622],"iteration":768,"passed_time":2.713461327,"remaining_time":0.8150969655},
{"learn":[6174.787591],"iteration":769,"passed_time":2.716941619,"remaining_time":0.81155399},
{"learn":[6172.92205],"iteration":770,"passed_time":2.720473569,"remaining_time":0.8080265205},
{"learn":[6165.405231],"iteration":771,"passed_time":2.724112829,"remaining_time":0.8045307319},
{"learn":[6160.325233],"iteration":772,"passed_time":2.727669721,"remaining_time":0.8010103838},
{"learn":[6153.871968],"iteration":773,"passed_time":2.731211108,"remaining_time":0.7974854141},
{"learn":[6151.78138],"iteration":774,"passed_time":2.734813406,"remaining_time":0.7939780857},
{"learn":[6142.381999],"iteration":775,"passed_time":2.738228123,"remaining_time":0.7904163654},
{"learn":[6139.260975],"iteration":776,"passed_time":2.74184979,"remaining_time":0.7869144185},
{"learn":[6138.232984],"iteration":777,"passed_time":2.745269043,"remaining_time":0.7833544056},
{"learn":[6136.56995],"iteration":778,"passed_time":2.748906955,"remaining_time":0.779856787},
{"learn":[6132.708382],"iteration":779,"passed_time":2.752439619,"remaining_time":0.7763291234},
{"learn":[6126.282585],"iteration":780,"passed_time":2.755809279,"remaining_time":0.772755739},
{"learn":[6122.828292],"iteration":781,"passed_time":2.759164494,"remaining_time":0.7691788487},
{"learn":[6121.062832],"iteration":782,"passed_time":2.762681093,"remaining_time":0.7656472504},
{"learn":[6115.89646],"iteration":783,"passed_time":2.766109318,"remaining_time":0.7620913427},
{"learn":[6111.899461],"iteration":784,"passed_time":2.769692338,"remaining_time":0.7585781562},
{"learn":[6105.003961],"iteration":785,"passed_time":2.773297138,"remaining_time":0.7550707222},
{"learn":[6101.483186],"iteration":786,"passed_time":2.776956005,"remaining_time":0.7515776735},
{"learn":[6096.604569],"iteration":787,"passed_time":2.780518868,"remaining_time":0.7480583757},
{"learn":[6095.023976],"iteration":788,"passed_time":2.783919095,"remaining_time":0.7444954742},
{"learn":[6093.320396],"iteration":789,"passed_time":2.787326617,"remaining_time":0.7409349236},
{"learn":[6087.976399],"iteration":790,"passed_time":2.790764411,"remaining_time":0.7373827583},
{"learn":[6085.197296],"iteration":791,"passed_time":2.794220747,"remaining_time":0.7338357517},
{"learn":[6083.594026],"iteration":792,"passed_time":2.797781231,"remaining_time":0.73031616},
{"learn":[6080.969944],"iteration":793,"passed_time":2.80135241,"remaining_time":0.72679924},
{"learn":[6073.53565],"iteration":794,"passed_time":2.804731012,"remaining_time":0.7232325252},
{"learn":[6067.172025],"iteration":795,"passed_time":2.808181685,"remaining_time":0.7196847533},
{"learn":[6065.078522],"iteration":796,"passed_time":2.811734133,"remaining_time":0.716163148},
{"learn":[6064.117344],"iteration":797,"passed_time":2.815142979,"remaining_time":0.7126051151},
{"learn":[6060.273807],"iteration":798,"passed_time":2.818565623,"remaining_time":0.7090509263},
{"learn":[6052.144337],"iteration":799,"passed_time":2.821968201,"remaining_time":0.7054920502},
{"learn":[6045.213611],"iteration":800,"passed_time":2.825466771,"remaining_time":0.7019574125},
{"learn":[6041.37157],"iteration":801,"passed_time":2.828897387,"remaining_time":0.698406088},
{"learn":[6040.154985],"iteration":802,"passed_time":2.832433285,"remaining_time":0.6948808931},
{"learn":[6033.297187],"iteration":803,"passed_time":2.835829229,"remaining_time":0.6913215535},
{"learn":[6031.845876],"iteration":804,"passed_time":2.839230375,"remaining_time":0.6877638797},
{"learn":[6024.708588],"iteration":805,"passed_time":2.842657307,"remaining_time":0.684212801},
{"learn":[6016.32571],"iteration":806,"passed_time":2.846124762,"remaining_time":0.6806717214},
{"learn":[6014.005399],"iteration":807,"passed_time":2.8495357,"remaining_time":0.677117394},
{"learn":[6011.280011],"iteration":808,"passed_time":2.853058969,"remaining_time":0.673589942},
{"learn":[6007.837444],"iteration":809,"passed_time":2.856585484,"remaining_time":0.6700632616},
{"learn":[6005.260402],"iteration":810,"passed_time":2.860105635,"remaining_time":0.6665350986},
{"learn":[6004.084388],"iteration":811,"passed_time":2.863436283,"remaining_time":0.6629630804},
{"learn":[5999.084306],"iteration":812,"passed_time":2.866834628,"remaining_time":0.6594072269},
{"learn":[5996.702734],"iteration":813,"passed_time":2.87017482,"remaining_time":0.6558384725},
{"learn":[5990.76325],"iteration":814,"passed_time":2.873760956,"remaining_time":0.6523261065},
{"learn":[5986.320294],"iteration":815,"passed_time":2.877181522,"remaining_time":0.6487762255},
{"learn":[5983.271978],"iteration":816,"passed_time":2.880665951,"remaining_time":0.6452409659},
{"learn":[5980.879451],"iteration":817,"passed_time":2.884152522,"remaining_time":0.641706307},
{"learn":[5979.595177],"iteration":818,"passed_time":2.887483961,"remaining_time":0.6381374809},
{"learn":[5974.478019],"iteration":819,"passed_time":2.891070385,"remaining_time":0.6346252066},
{"learn":[5968.008503],"iteration":820,"passed_time":2.894531798,"remaining_time":0.6310854955},
{"learn":[5964.506125],"iteration":821,"passed_time":2.898039679,"remaining_time":0.6275560376},
{"learn":[5962.778605],"iteration":822,"passed_time":2.901612647,"remaining_time":0.62404063},
{"learn":[5959.956415],"iteration":823,"passed_time":2.905086597,"remaining_time":0.6205039334},
{"learn":[5957.753068],"iteration":824,"passed_time":2.908548671,"remaining_time":0.6169648696},
{"learn":[5953.620558],"iteration":825,"passed_time":2.912105408,"remaining_time":0.6134459334},
{"learn":[5950.573413],"iteration":826,"passed_time":2.915508497,"remaining_time":0.6098947641},
{"learn":[5948.20432],"iteration":827,"passed_time":2.919061304,"remaining_time":0.6063750536},
{"learn":[5944.811786],"iteration":828,"passed_time":2.922548859,"remaining_time":0.6028418033},
{"learn":[5941.361992],"iteration":829,"passed_time":2.926083398,"remaining_time":0.5993182864},
{"learn":[5939.582707],"iteration":830,"passed_time":2.929481342,"remaining_time":0.5957669636},
{"learn":[5936.07928],"iteration":831,"passed_time":2.933064531,"remaining_time":0.5922534148},
{"learn":[5933.285121],"iteration":832,"passed_time":2.936584175,"remaining_time":0.5887269595},
{"learn":[5929.323478],"iteration":833,"passed_time":2.940041627,"remaining_time":0.5851881415},
{"learn":[5928.555306],"iteration":834,"passed_time":2.943315966,"remaining_time":0.5816133345},
{"learn":[5922.949174],"iteration":835,"passed_time":2.946818562,"remaining_time":0.5780840242},
{"learn":[5917.585453],"iteration":836,"passed_time":2.95024253,"remaining_time":0.5745394652},
{"learn":[5913.554124],"iteration":837,"passed_time":2.953631384,"remaining_time":0.570988406},
{"learn":[5908.235352],"iteration":838,"passed_time":2.957023308,"remaining_time":0.5674383225},
{"learn":[5905.035253],"iteration":839,"passed_time":2.9604686,"remaining_time":0.563898781},
{"learn":[5901.754969],"iteration":840,"passed_time":2.963872382,"remaining_time":0.5603516156},
{"learn":[5898.086004],"iteration":841,"passed_time":2.967530897,"remaining_time":0.5568525912},
{"learn":[5891.723711],"iteration":842,"passed_time":2.97094063,"remaining_time":0.5533068552},
{"learn":[5887.466449],"iteration":843,"passed_time":2.974352266,"remaining_time":0.5497617933},
{"learn":[5883.930446],"iteration":844,"passed_time":2.977695398,"remaining_time":0.5462044812},
{"learn":[5881.438739],"iteration":845,"passed_time":2.981198036,"remaining_time":0.5426767111},
{"learn":[5880.810017],"iteration":846,"passed_time":2.984554438,"remaining_time":0.5391225844},
{"learn":[5875.935538],"iteration":847,"passed_time":2.988188825,"remaining_time":0.5356187516},
{"learn":[5872.197392],"iteration":848,"passed_time":2.991628632,"remaining_time":0.5320800041},
{"learn":[5868.919466],"iteration":849,"passed_time":2.995143695,"remaining_time":0.5285547698},
{"learn":[5866.279585],"iteration":850,"passed_time":2.998619823,"remaining_time":0.5250227422},
{"learn":[5864.908195],"iteration":851,"passed_time":3.002148875,"remaining_time":0.5215000394},
{"learn":[5863.107115],"iteration":852,"passed_time":3.005714767,"remaining_time":0.5179836703},
{"learn":[5857.648212],"iteration":853,"passed_time":3.009098149,"remaining_time":0.5144359833},
{"learn":[5852.559958],"iteration":854,"passed_time":3.012475697,"remaining_time":0.5108876914},
{"learn":[5850.216075],"iteration":855,"passed_time":3.015917633,"remaining_time":0.5073506298},
{"learn":[5848.389353],"iteration":856,"passed_time":3.019400339,"remaining_time":0.5038205933},
{"learn":[5843.752654],"iteration":857,"passed_time":3.022773909,"remaining_time":0.5002726051},
{"learn":[5840.673955],"iteration":858,"passed_time":3.026161247,"remaining_time":0.4967272827},
{"learn":[5834.568943],"iteration":859,"passed_time":3.029424692,"remaining_time":0.4931621591},
{"learn":[5830.179381],"iteration":860,"passed_time":3.032967548,"remaining_time":0.4896428445},
{"learn":[5828.474786],"iteration":861,"passed_time":3.036208661,"remaining_time":0.4860751684},
{"learn":[5825.994996],"iteration":862,"passed_time":3.039613152,"remaining_time":0.4825341852},
{"learn":[5820.369203],"iteration":863,"passed_time":3.04299605,"remaining_time":0.4789901191},
{"learn":[5818.84202],"iteration":864,"passed_time":3.046518942,"remaining_time":0.4754682742},
{"learn":[5816.941762],"iteration":865,"passed_time":3.049950468,"remaining_time":0.4719322894},
{"learn":[5810.671233],"iteration":866,"passed_time":3.053462588,"remaining_time":0.4684089091},
{"learn":[5808.091214],"iteration":867,"passed_time":3.056981912,"remaining_time":0.4648866503},
{"learn":[5806.361573],"iteration":868,"passed_time":3.060573863,"remaining_time":0.4613753464},
{"learn":[5799.098114],"iteration":869,"passed_time":3.0640982,"remaining_time":0.457853754},
{"learn":[5792.64611],"iteration":870,"passed_time":3.067645389,"remaining_time":0.4543355398},
{"learn":[5788.917023],"iteration":871,"passed_time":3.071098985,"remaining_time":0.4508035208},
{"learn":[5785.208766],"iteration":872,"passed_time":3.074499963,"remaining_time":0.4472640267},
{"learn":[5778.770283],"iteration":873,"passed_time":3.077871072,"remaining_time":0.4437205436},
{"learn":[5777.638966],"iteration":874,"passed_time":3.081331771,"remaining_time":0.440190253},
{"learn":[5774.817568],"iteration":875,"passed_time":3.084758268,"remaining_time":0.4366552799},
{"learn":[5771.636044],"iteration":876,"passed_time":3.088219423,"remaining_time":0.4331254151},
{"learn":[5770.660535],"iteration":877,"passed_time":3.091613151,"remaining_time":0.4295863376},
{"learn":[5767.85289],"iteration":878,"passed_time":3.095006326,"remaining_time":0.4260475147},
{"learn":[5765.535091],"iteration":879,"passed_time":3.098528915,"remaining_time":0.4225266703},
{"learn":[5756.674612],"iteration":880,"passed_time":3.101928792,"remaining_time":0.4189892466},
{"learn":[5751.759861],"iteration":881,"passed_time":3.105250767,"remaining_time":0.4154417126},
{"learn":[5746.55335],"iteration":882,"passed_time":3.108632449,"remaining_time":0.4119026009},
{"learn":[5742.877184],"iteration":883,"passed_time":3.111908077,"remaining_time":0.4083499287},
{"learn":[5741.363081],"iteration":884,"passed_time":3.115416138,"remaining_time":0.4048280858},
{"learn":[5737.325073],"iteration":885,"passed_time":3.118779061,"remaining_time":0.4012875992},
{"learn":[5731.606871],"iteration":886,"passed_time":3.122239278,"remaining_time":0.397759908},
{"learn":[5730.143779],"iteration":887,"passed_time":3.125697721,"remaining_time":0.3942321449},
{"learn":[5727.358875],"iteration":888,"passed_time":3.129216644,"remaining_time":0.3907120894},
{"learn":[5724.268207],"iteration":889,"passed_time":3.132605591,"remaining_time":0.3871759719},
{"learn":[5720.48293],"iteration":890,"passed_time":3.136010407,"remaining_time":0.3836421261},
{"learn":[5719.834603],"iteration":891,"passed_time":3.13945285,"remaining_time":0.3801131253},
{"learn":[5715.297432],"iteration":892,"passed_time":3.142862828,"remaining_time":0.3765804284},
{"learn":[5713.700042],"iteration":893,"passed_time":3.146231838,"remaining_time":0.3730431486},
{"learn":[5709.690904],"iteration":894,"passed_time":3.149658481,"remaining_time":0.3695130061},
{"learn":[5705.68865],"iteration":895,"passed_time":3.153073886,"remaining_time":0.3659817903},
{"learn":[5700.897179],"iteration":896,"passed_time":3.156490311,"remaining_time":0.3624509499},
{"learn":[5696.749748],"iteration":897,"passed_time":3.16000742,"remaining_time":0.3589318005},
{"learn":[5693.748109],"iteration":898,"passed_time":3.163255446,"remaining_time":0.355382425},
{"learn":[5690.313619],"iteration":899,"passed_time":3.166770219,"remaining_time":0.3518633577},
{"learn":[5684.345426],"iteration":900,"passed_time":3.170194839,"remaining_time":0.3483343941},
{"learn":[5682.644034],"iteration":901,"passed_time":3.173737882,"remaining_time":0.3448185282},
{"learn":[5678.800025],"iteration":902,"passed_time":3.17716947,"remaining_time":0.3412906297},
{"learn":[5673.663499],"iteration":903,"passed_time":3.180491374,"remaining_time":0.3377512963},
{"learn":[5670.367411],"iteration":904,"passed_time":3.184089478,"remaining_time":0.3342414369},
{"learn":[5666.848172],"iteration":905,"passed_time":3.187643635,"remaining_time":0.3307268231},
{"learn":[5662.342902],"iteration":906,"passed_time":3.191022378,"remaining_time":0.3271941358},
{"learn":[5658.871899],"iteration":907,"passed_time":3.19444195,"remaining_time":0.3236659244},
{"learn":[5656.029207],"iteration":908,"passed_time":3.197959659,"remaining_time":0.3201477766},
{"learn":[5649.806923],"iteration":909,"passed_time":3.201254509,"remaining_time":0.3166075888},
{"learn":[5645.229382],"iteration":910,"passed_time":3.204725192,"remaining_time":0.3130851176},
{"learn":[5643.555578],"iteration":911,"passed_time":3.208093761,"remaining_time":0.3095529068},
{"learn":[5640.824929],"iteration":912,"passed_time":3.212002822,"remaining_time":0.306072558},
{"learn":[5637.298478],"iteration":913,"passed_time":3.215439365,"remaining_time":0.3025468111},
{"learn":[5635.252486],"iteration":914,"passed_time":3.21891512,"remaining_time":0.2990249018},
{"learn":[5630.217375],"iteration":915,"passed_time":3.222318652,"remaining_time":0.2954964703},
{"learn":[5624.433627],"iteration":916,"passed_time":3.225815804,"remaining_time":0.2919767849},
{"learn":[5620.635504],"iteration":917,"passed_time":3.229421542,"remaining_time":0.2884668479},
{"learn":[5617.042569],"iteration":918,"passed_time":3.232969114,"remaining_time":0.2849515759},
{"learn":[5611.592556],"iteration":919,"passed_time":3.236407227,"remaining_time":0.2814267154},
{"learn":[5609.78514],"iteration":920,"passed_time":3.239948778,"remaining_time":0.2779109158},
{"learn":[5603.56174],"iteration":921,"passed_time":3.243313767,"remaining_time":0.2743801235},
{"learn":[5601.732027],"iteration":922,"passed_time":3.246837438,"remaining_time":0.2708629282},
{"learn":[5596.401081],"iteration":923,"passed_time":3.250356925,"remaining_time":0.2673453748},
{"learn":[5591.711992],"iteration":924,"passed_time":3.253833294,"remaining_time":0.2638243211},
{"learn":[5585.031118],"iteration":925,"passed_time":3.257267528,"remaining_time":0.2602999969},
{"learn":[5580.277263],"iteration":926,"passed_time":3.260691468,"remaining_time":0.2567750563},
{"learn":[5576.721993],"iteration":927,"passed_time":3.264158113,"remaining_time":0.2532536467},
{"learn":[5571.787196],"iteration":928,"passed_time":3.267744417,"remaining_time":0.2497415001},
{"learn":[5570.236076],"iteration":929,"passed_time":3.271149334,"remaining_time":0.2462155413},
{"learn":[5566.713879],"iteration":930,"passed_time":3.274663322,"remaining_time":0.2426979262},
{"learn":[5563.109122],"iteration":931,"passed_time":3.278115311,"remaining_time":0.2391757952},
{"learn":[5557.391303],"iteration":932,"passed_time":3.281566058,"remaining_time":0.2356537255},
{"learn":[5552.649949],"iteration":933,"passed_time":3.285070739,"remaining_time":0.2321356196},
{"learn":[5549.425792],"iteration":934,"passed_time":3.288535371,"remaining_time":0.2286147584},
{"learn":[5541.655905],"iteration":935,"passed_time":3.291880263,"remaining_time":0.2250858299},
{"learn":[5537.249533],"iteration":936,"passed_time":3.295463602,"remaining_time":0.2215733265},
{"learn":[5534.396018],"iteration":937,"passed_time":3.298834805,"remaining_time":0.2180466502},
{"learn":[5526.76867],"iteration":938,"passed_time":3.302208314,"remaining_time":0.2145204549},
{"learn":[5521.825082],"iteration":939,"passed_time":3.305700768,"remaining_time":0.2110021767},
{"learn":[5520.192801],"iteration":940,"passed_time":3.309093252,"remaining_time":0.2074776853},
{"learn":[5515.232109],"iteration":941,"passed_time":3.312652775,"remaining_time":0.203963759},
{"learn":[5512.264635],"iteration":942,"passed_time":3.316158923,"remaining_time":0.2004465096},
{"learn":[5509.291482],"iteration":943,"passed_time":3.319587864,"remaining_time":0.1969247038},
{"learn":[5507.341167],"iteration":944,"passed_time":3.322945254,"remaining_time":0.1933989301},
{"learn":[5502.527454],"iteration":945,"passed_time":3.326468788,"remaining_time":0.1898829964},
{"learn":[5500.321831],"iteration":946,"passed_time":3.329805282,"remaining_time":0.1863565786},
{"learn":[5497.959797],"iteration":947,"passed_time":3.333199094,"remaining_time":0.1828337056},
{"learn":[5496.92014],"iteration":948,"passed_time":3.336596706,"remaining_time":0.1793113088},
{"learn":[5491.11898],"iteration":949,"passed_time":3.339967298,"remaining_time":0.1757877525},
{"learn":[5488.536622],"iteration":950,"passed_time":3.343394275,"remaining_time":0.1722674232},
{"learn":[5486.815238],"iteration":951,"passed_time":3.346701839,"remaining_time":0.1687412692},
{"learn":[5483.277685],"iteration":952,"passed_time":3.350065871,"remaining_time":0.1652183588},
{"learn":[5481.303575],"iteration":953,"passed_time":3.353559367,"remaining_time":0.161702024},
{"learn":[5479.010367],"iteration":954,"passed_time":3.357041409,"remaining_time":0.1581851973},
{"learn":[5476.960308],"iteration":955,"passed_time":3.360534821,"remaining_time":0.1546689667},
{"learn":[5474.254036],"iteration":956,"passed_time":3.363978091,"remaining_time":0.1511505307},
{"learn":[5469.442499],"iteration":957,"passed_time":3.367354506,"remaining_time":0.1476293207},
{"learn":[5467.79316],"iteration":958,"passed_time":3.370623147,"remaining_time":0.144103805},
{"learn":[5465.109758],"iteration":959,"passed_time":3.374079325,"remaining_time":0.1405866385},
{"learn":[5462.61998],"iteration":960,"passed_time":3.377568309,"remaining_time":0.1370709304},
{"learn":[5460.490091],"iteration":961,"passed_time":3.380933392,"remaining_time":0.1335503835},
{"learn":[5453.888189],"iteration":962,"passed_time":3.384346993,"remaining_time":0.1300320236},
{"learn":[5451.830989],"iteration":963,"passed_time":3.387815925,"remaining_time":0.1265159474},
{"learn":[5449.033125],"iteration":964,"passed_time":3.391265731,"remaining_time":0.1229992752},
{"learn":[5447.088647],"iteration":965,"passed_time":3.394655661,"remaining_time":0.119480634},
{"learn":[5441.728426],"iteration":966,"passed_time":3.397999521,"remaining_time":0.1159606869},
{"learn":[5438.925139],"iteration":967,"passed_time":3.401537267,"remaining_time":0.112447513},
{"learn":[5437.63959],"iteration":968,"passed_time":3.404831656,"remaining_time":0.1089265029},
{"learn":[5430.15059],"iteration":969,"passed_time":3.408212495,"remaining_time":0.1054086339},
{"learn":[5426.959373],"iteration":970,"passed_time":3.411684362,"remaining_time":0.1018937657},
{"learn":[5424.330045],"iteration":971,"passed_time":3.415201274,"remaining_time":0.09838028362},
{"learn":[5420.317185],"iteration":972,"passed_time":3.418551226,"remaining_time":0.09486216146},
{"learn":[5417.096994],"iteration":973,"passed_time":3.421902429,"remaining_time":0.09134441802},
{"learn":[5412.213067],"iteration":974,"passed_time":3.425454975,"remaining_time":0.08783217885},
{"learn":[5405.592633],"iteration":975,"passed_time":3.428899327,"remaining_time":0.08431719656},
{"learn":[5404.349041],"iteration":976,"passed_time":3.432314938,"remaining_time":0.08080168226},
{"learn":[5401.830559],"iteration":977,"passed_time":3.435905711,"remaining_time":0.07729031251},
{"learn":[5400.165492],"iteration":978,"passed_time":3.43939399,"remaining_time":0.07377658201},
{"learn":[5397.558635],"iteration":979,"passed_time":3.4428713,"remaining_time":0.0702626796},
{"learn":[5396.91795],"iteration":980,"passed_time":3.446116958,"remaining_time":0.06674436513},
{"learn":[5396.017235],"iteration":981,"passed_time":3.449519107,"remaining_time":0.06322947447},
{"learn":[5393.999087],"iteration":982,"passed_time":3.452990043,"remaining_time":0.05971600278},
{"learn":[5383.545601],"iteration":983,"passed_time":3.456409161,"remaining_time":0.05620177497},
{"learn":[5380.955497],"iteration":984,"passed_time":3.459951944,"remaining_time":0.05268962352},
{"learn":[5378.136974],"iteration":985,"passed_time":3.463416885,"remaining_time":0.04917630466},
{"learn":[5373.760405],"iteration":986,"passed_time":3.466956764,"remaining_time":0.04566407086},
{"learn":[5371.473782],"iteration":987,"passed_time":3.470304104,"remaining_time":0.04214944255},
{"learn":[5368.623991],"iteration":988,"passed_time":3.473673709,"remaining_time":0.0386354002},
{"learn":[5366.369194],"iteration":989,"passed_time":3.477106492,"remaining_time":0.03512228779},
{"learn":[5361.670661],"iteration":990,"passed_time":3.480592855,"remaining_time":0.03160982411},
{"learn":[5357.121512],"iteration":991,"passed_time":3.484123805,"remaining_time":0.02809777262},
{"learn":[5354.886686],"iteration":992,"passed_time":3.487626716,"remaining_time":0.02458548541},
{"learn":[5353.36418],"iteration":993,"passed_time":3.49102881,"remaining_time":0.02107260851},
{"learn":[5351.980714],"iteration":994,"passed_time":3.494332746,"remaining_time":0.01755946103},
{"learn":[5349.002815],"iteration":995,"passed_time":3.497745974,"remaining_time":0.01404717259},
{"learn":[5343.894393],"iteration":996,"passed_time":3.501272948,"remaining_time":0.01053542512},
{"learn":[5338.505973],"iteration":997,"passed_time":3.504642614,"remaining_time":0.007023331892},
{"learn":[5333.28825],"iteration":998,"passed_time":3.508040405,"remaining_time":0.003511551957},
{"learn":[5329.798438],"iteration":999,"passed_time":3.511399558,"remaining_time":0}
]}