{
  "id": "harinuu/house-price-prediction-using-randomforest",
  "id_no": 34071743,
  "title": "HOUSE PRICE PREDICTION USING RANDOMFOREST",
  "code_file": "house-price-prediction-using-randomforest.ipynb",
  "language": "python",
  "kernel_type": "notebook",
  "is_private": false,
  "enable_gpu": false,
  "enable_tpu": false,
  "enable_internet": true,
  "keywords": [],
  "dataset_sources": [],
  "kernel_sources": [],
  "competition_sources": [
    "house-prices-advanced-regression-techniques"
  ],
  "model_sources": []
}