{
  "id": "abdullahalbunni/spaceship-titanic-with-randomforestclassifier",
  "id_no": 65740924,
  "title": "Spaceship Titanic with RandomForestClassifier",
  "code_file": "spaceship-titanic-with-randomforestclassifier.ipynb",
  "language": "python",
  "kernel_type": "notebook",
  "is_private": false,
  "enable_gpu": false,
  "enable_tpu": false,
  "enable_internet": false,
  "keywords": [],
  "dataset_sources": [],
  "kernel_sources": [],
  "competition_sources": [
    "spaceship-titanic"
  ],
  "model_sources": []
}