{
"meta":{"test_sets":[],"test_metrics":[],"learn_metrics":[{"best_value":"Min","name":"RMSE"}],"launch_mode":"Train","parameters":"","iteration_count":1000,"learn_sets":["learn"],"name":"experiment"},
"iterations":[
{"learn":[74906.20736],"iteration":0,"passed_time":0.04892759101,"remaining_time":48.87866342},
{"learn":[73111.32529],"iteration":1,"passed_time":0.05104197144,"remaining_time":25.46994375},
{"learn":[71160.58528],"iteration":2,"passed_time":0.05290977433,"remaining_time":17.58368167},
{"learn":[69349.27849],"iteration":3,"passed_time":0.05475023527,"remaining_time":13.63280858},
{"learn":[67662.28555],"iteration":4,"passed_time":0.05618385727,"remaining_time":11.1805876},
{"learn":[65832.88053],"iteration":5,"passed_time":0.05749891083,"remaining_time":9.525652894},
{"learn":[64148.29065],"iteration":6,"passed_time":0.05875323007,"remaining_time":8.334565352},
{"learn":[62602.57818],"iteration":7,"passed_time":0.05979770438,"remaining_time":7.414915343},
{"learn":[61167.06794],"iteration":8,"passed_time":0.06079604541,"remaining_time":6.694320111},
{"learn":[59699.93568],"iteration":9,"passed_time":0.06181332779,"remaining_time":6.119519451},
{"learn":[58267.89655],"iteration":10,"passed_time":0.06279194741,"remaining_time":5.645566908},
{"learn":[56811.91075],"iteration":11,"passed_time":0.06379460875,"remaining_time":5.252422787},
{"learn":[55550.1258],"iteration":12,"passed_time":0.06476552782,"remaining_time":4.917198151},
{"learn":[54372.36932],"iteration":13,"passed_time":0.06576697907,"remaining_time":4.631874383},
{"learn":[53037.54578],"iteration":14,"passed_time":0.06673952827,"remaining_time":4.382562356},
{"learn":[51926.52332],"iteration":15,"passed_time":0.06771999802,"remaining_time":4.164779878},
{"learn":[50816.28272],"iteration":16,"passed_time":0.06871111854,"remaining_time":3.973119384},
{"learn":[49765.21896],"iteration":17,"passed_time":0.06973187116,"remaining_time":3.804260971},
{"learn":[48668.76636],"iteration":18,"passed_time":0.07071961143,"remaining_time":3.651365201},
{"learn":[47678.06508],"iteration":19,"passed_time":0.07171046193,"remaining_time":3.513812635},
{"learn":[46610.30299],"iteration":20,"passed_time":0.07266066953,"remaining_time":3.387371213},
{"learn":[45736.04515],"iteration":21,"passed_time":0.07363790906,"remaining_time":3.273539776},
{"learn":[44935.78794],"iteration":22,"passed_time":0.07464453068,"remaining_time":3.170769847},
{"learn":[44152.73918],"iteration":23,"passed_time":0.07560717917,"remaining_time":3.074691953},
{"learn":[43354.04706],"iteration":24,"passed_time":0.07658767893,"remaining_time":2.986919478},
{"learn":[42600.80864],"iteration":25,"passed_time":0.07753868659,"remaining_time":2.90471849},
{"learn":[41923.30774],"iteration":26,"passed_time":0.07850501534,"remaining_time":2.829088145},
{"learn":[41228.29531],"iteration":27,"passed_time":0.07949593584,"remaining_time":2.75964463},
{"learn":[40567.14566],"iteration":28,"passed_time":0.0804835761,"remaining_time":2.694812152},
{"learn":[39957.01661],"iteration":29,"passed_time":0.08144386443,"remaining_time":2.633351616},
{"learn":[39338.17361],"iteration":30,"passed_time":0.08242698437,"remaining_time":2.576507995},
{"learn":[38712.82299],"iteration":31,"passed_time":0.08339985359,"remaining_time":2.522845571},
{"learn":[38069.03638],"iteration":32,"passed_time":0.0844022049,"remaining_time":2.473240368},
{"learn":[37430.7504],"iteration":33,"passed_time":0.08541544699,"remaining_time":2.426803582},
{"learn":[36880.31144],"iteration":34,"passed_time":0.08640077709,"remaining_time":2.382192854},
{"learn":[36352.1592],"iteration":35,"passed_time":0.08739649793,"remaining_time":2.340284},
{"learn":[35895.27138],"iteration":36,"passed_time":0.08835823636,"remaining_time":2.299702206},
{"learn":[35432.51884],"iteration":37,"passed_time":0.0893314956,"remaining_time":2.261497336},
{"learn":[34954.24194],"iteration":38,"passed_time":0.09032057597,"remaining_time":2.225591628},
{"learn":[34474.4049],"iteration":39,"passed_time":0.09133589821,"remaining_time":2.192061557},
{"learn":[33983.24866],"iteration":40,"passed_time":0.09233963962,"remaining_time":2.159846693},
{"learn":[33574.16452],"iteration":41,"passed_time":0.09329990794,"remaining_time":2.128126472},
{"learn":[33102.19923],"iteration":42,"passed_time":0.09427430726,"remaining_time":2.098151443},
{"learn":[32685.56841],"iteration":43,"passed_time":0.09523750579,"remaining_time":2.069251262},
{"learn":[32280.60748],"iteration":44,"passed_time":0.09618094291,"remaining_time":2.041173344},
{"learn":[31875.48254],"iteration":45,"passed_time":0.09716769312,"remaining_time":2.015173462},
{"learn":[31531.69595],"iteration":46,"passed_time":0.09816202386,"remaining_time":1.990391675},
{"learn":[31165.83455],"iteration":47,"passed_time":0.09913471306,"remaining_time":1.966171809},
{"learn":[30832.64006],"iteration":48,"passed_time":0.1001373544,"remaining_time":1.943482123},
{"learn":[30451.35544],"iteration":49,"passed_time":0.1011091835,"remaining_time":1.921074487},
{"learn":[30119.83123],"iteration":50,"passed_time":0.1020969238,"remaining_time":1.899803543},
{"learn":[29824.98146],"iteration":51,"passed_time":0.1030676429,"remaining_time":1.879002412},
{"learn":[29478.77456],"iteration":52,"passed_time":0.1040611736,"remaining_time":1.859357196},
{"learn":[29153.20069],"iteration":53,"passed_time":0.1050593946,"remaining_time":1.84048495},
{"learn":[28872.5318],"iteration":54,"passed_time":0.1060261734,"remaining_time":1.821722433},
{"learn":[28533.48634],"iteration":55,"passed_time":0.1070143537,"remaining_time":1.803956248},
{"learn":[28219.23258],"iteration":56,"passed_time":0.1080071843,"remaining_time":1.786855698},
{"learn":[27951.01494],"iteration":57,"passed_time":0.1090170162,"remaining_time":1.770586711},
{"learn":[27692.00863],"iteration":58,"passed_time":0.1100237978,"remaining_time":1.754786334},
{"learn":[27451.77104],"iteration":59,"passed_time":0.1109959369,"remaining_time":1.738936345},
{"learn":[27183.5068],"iteration":60,"passed_time":0.1120107491,"remaining_time":1.72423104},
{"learn":[27015.84263],"iteration":61,"passed_time":0.1130046299,"remaining_time":1.70965069},
{"learn":[26830.25453],"iteration":62,"passed_time":0.11399022,"remaining_time":1.695378351},
{"learn":[26778.61374],"iteration":63,"passed_time":0.1149709998,"remaining_time":1.681450871},
{"learn":[26554.72629],"iteration":64,"passed_time":0.1160079735,"remaining_time":1.668730081},
{"learn":[26364.29617],"iteration":65,"passed_time":0.1169863831,"remaining_time":1.655534574},
{"learn":[26172.12321],"iteration":66,"passed_time":0.1179662829,"remaining_time":1.642724506},
{"learn":[26012.32576],"iteration":67,"passed_time":0.1189037596,"remaining_time":1.62968094},
{"learn":[25767.02624],"iteration":68,"passed_time":0.1198709884,"remaining_time":1.617389713},
{"learn":[25591.19307],"iteration":69,"passed_time":0.1208612088,"remaining_time":1.605727489},
{"learn":[25367.34713],"iteration":70,"passed_time":0.1218631101,"remaining_time":1.594518722},
{"learn":[25180.75004],"iteration":71,"passed_time":0.1228375494,"remaining_time":1.583239526},
{"learn":[25043.76804],"iteration":72,"passed_time":0.1238123488,"remaining_time":1.572247224},
{"learn":[24869.66989],"iteration":73,"passed_time":0.1247764274,"remaining_time":1.56139151},
{"learn":[24705.03463],"iteration":74,"passed_time":0.1257485665,"remaining_time":1.550898987},
{"learn":[24547.59194],"iteration":75,"passed_time":0.1267135452,"remaining_time":1.540569944},
{"learn":[24355.25363],"iteration":76,"passed_time":0.1277025456,"remaining_time":1.530772072},
{"learn":[24201.48213],"iteration":77,"passed_time":0.128665014,"remaining_time":1.520886448},
{"learn":[24056.0344],"iteration":78,"passed_time":0.1296573046,"remaining_time":1.5115744},
{"learn":[23914.92072],"iteration":79,"passed_time":0.1306109625,"remaining_time":1.502026069},
{"learn":[23766.93126],"iteration":80,"passed_time":0.1315795214,"remaining_time":1.492859014},
{"learn":[23634.76841],"iteration":81,"passed_time":0.1325317091,"remaining_time":1.483708646},
{"learn":[23487.48121],"iteration":82,"passed_time":0.1335248798,"remaining_time":1.475208612},
{"learn":[23337.09428],"iteration":83,"passed_time":0.1345085798,"remaining_time":1.466784037},
{"learn":[23188.02119],"iteration":84,"passed_time":0.1355037606,"remaining_time":1.458658129},
{"learn":[23062.80463],"iteration":85,"passed_time":0.1364849304,"remaining_time":1.450549144},
{"learn":[22913.89899],"iteration":86,"passed_time":0.1374725607,"remaining_time":1.442671815},
{"learn":[22751.45385],"iteration":87,"passed_time":0.1385004138,"remaining_time":1.435367925},
{"learn":[22627.85583],"iteration":88,"passed_time":0.1394614222,"remaining_time":1.427520849},
{"learn":[22499.97325],"iteration":89,"passed_time":0.1404276609,"remaining_time":1.419879682},
{"learn":[22409.86919],"iteration":90,"passed_time":0.1414195915,"remaining_time":1.412641853},
{"learn":[22284.57006],"iteration":91,"passed_time":0.1424759366,"remaining_time":1.406175548},
{"learn":[22195.39428],"iteration":92,"passed_time":0.1434531262,"remaining_time":1.399053607},
{"learn":[22100.37598],"iteration":93,"passed_time":0.1444510371,"remaining_time":1.392262124},
{"learn":[21993.99165],"iteration":94,"passed_time":0.145446408,"remaining_time":1.385568413},
{"learn":[21878.21906],"iteration":95,"passed_time":0.1464403287,"remaining_time":1.378979762},
{"learn":[21775.80245],"iteration":96,"passed_time":0.147429049,"remaining_time":1.372458054},
{"learn":[21681.18723],"iteration":97,"passed_time":0.1484200095,"remaining_time":1.366069884},
{"learn":[21569.07423],"iteration":98,"passed_time":0.1494274412,"remaining_time":1.359940652},
{"learn":[21457.90146],"iteration":99,"passed_time":0.1504012405,"remaining_time":1.353611164},
{"learn":[21353.21283],"iteration":100,"passed_time":0.1513800801,"remaining_time":1.347432594},
{"learn":[21260.71297],"iteration":101,"passed_time":0.1523751909,"remaining_time":1.34149923},
{"learn":[21148.92567],"iteration":102,"passed_time":0.1533482001,"remaining_time":1.335469277},
{"learn":[21061.76422],"iteration":103,"passed_time":0.1543824437,"remaining_time":1.330064131},
{"learn":[20960.86617],"iteration":104,"passed_time":0.1553568131,"remaining_time":1.324231883},
{"learn":[20869.22013],"iteration":105,"passed_time":0.1564814131,"remaining_time":1.319758333},
{"learn":[20802.08139],"iteration":106,"passed_time":0.1574493119,"remaining_time":1.314039585},
{"learn":[20711.63846],"iteration":107,"passed_time":0.1584614739,"remaining_time":1.308774396},
{"learn":[20597.8118],"iteration":108,"passed_time":0.1594197021,"remaining_time":1.303146372},
{"learn":[20538.30536],"iteration":109,"passed_time":0.1604077724,"remaining_time":1.297844704},
{"learn":[20476.09192],"iteration":110,"passed_time":0.1613971028,"remaining_time":1.29263085},
{"learn":[20413.73655],"iteration":111,"passed_time":0.1623578712,"remaining_time":1.287265978},
{"learn":[20335.68961],"iteration":112,"passed_time":0.1633547521,"remaining_time":1.282262523},
{"learn":[20291.80635],"iteration":113,"passed_time":0.1643390021,"remaining_time":1.277231192},
{"learn":[20222.53118],"iteration":114,"passed_time":0.1652897497,"remaining_time":1.272012422},
{"learn":[20148.67562],"iteration":115,"passed_time":0.1662850606,"remaining_time":1.267206841},
{"learn":[20062.38354],"iteration":116,"passed_time":0.1672566897,"remaining_time":1.262287667},
{"learn":[20012.37438],"iteration":117,"passed_time":0.1682207683,"remaining_time":1.257378963},
{"learn":[19931.95902],"iteration":118,"passed_time":0.1692044483,"remaining_time":1.252681672},
{"learn":[19863.30123],"iteration":119,"passed_time":0.170143065,"remaining_time":1.24771581},
{"learn":[19776.931],"iteration":120,"passed_time":0.1711054735,"remaining_time":1.242989349},
{"learn":[19712.27259],"iteration":121,"passed_time":0.1721032045,"remaining_time":1.2385788},
{"learn":[19661.67436],"iteration":122,"passed_time":0.1730620227,"remaining_time":1.233946292},
{"learn":[19587.58],"iteration":123,"passed_time":0.1740463827,"remaining_time":1.229553478},
{"learn":[19518.58696],"iteration":124,"passed_time":0.1750219322,"remaining_time":1.225153525},
{"learn":[19454.39011],"iteration":125,"passed_time":0.1759782602,"remaining_time":1.220674598},
{"learn":[19392.51599],"iteration":126,"passed_time":0.1769541096,"remaining_time":1.216385336},
{"learn":[19301.78666],"iteration":127,"passed_time":0.1779622113,"remaining_time":1.212367565},
{"learn":[19206.69733],"iteration":128,"passed_time":0.1789628825,"remaining_time":1.208346284},
{"learn":[19167.41455],"iteration":129,"passed_time":0.1799401621,"remaining_time":1.204214931},
{"learn":[19086.06698],"iteration":130,"passed_time":0.1811804203,"remaining_time":1.201876223},
{"learn":[18981.1518],"iteration":131,"passed_time":0.1821410587,"remaining_time":1.197715446},
{"learn":[18908.72721],"iteration":132,"passed_time":0.1831170881,"remaining_time":1.193703123},
{"learn":[18857.77395],"iteration":133,"passed_time":0.1840672357,"remaining_time":1.189568852},
{"learn":[18819.43812],"iteration":134,"passed_time":0.1850512057,"remaining_time":1.185698466},
{"learn":[18764.89903],"iteration":135,"passed_time":0.1860556872,"remaining_time":1.182000836},
{"learn":[18687.75353],"iteration":136,"passed_time":0.1870209358,"remaining_time":1.178095384},
{"learn":[18613.95122],"iteration":137,"passed_time":0.187993675,"remaining_time":1.174279333},
{"learn":[18561.40017],"iteration":138,"passed_time":0.1889882958,"remaining_time":1.170639732},
{"learn":[18517.53292],"iteration":139,"passed_time":0.1899550946,"remaining_time":1.16686701},
{"learn":[18467.29007],"iteration":140,"passed_time":0.1909366944,"remaining_time":1.163224259},
{"learn":[18403.57344],"iteration":141,"passed_time":0.1919251648,"remaining_time":1.159660503},
{"learn":[18346.42754],"iteration":142,"passed_time":0.1928968739,"remaining_time":1.156032314},
{"learn":[18288.11477],"iteration":143,"passed_time":0.1938272101,"remaining_time":1.152195082},
{"learn":[18222.53202],"iteration":144,"passed_time":0.1948198207,"remaining_time":1.14876515},
{"learn":[18159.7273],"iteration":145,"passed_time":0.1957965902,"remaining_time":1.145275945},
{"learn":[18105.05729],"iteration":146,"passed_time":0.1967566785,"remaining_time":1.141724128},
{"learn":[18067.75537],"iteration":147,"passed_time":0.1977267975,"remaining_time":1.138265078},
{"learn":[18024.32536],"iteration":148,"passed_time":0.1987402996,"remaining_time":1.135087215},
{"learn":[17959.19763],"iteration":149,"passed_time":0.1997445511,"remaining_time":1.131885789},
{"learn":[17902.66855],"iteration":150,"passed_time":0.2007230307,"remaining_time":1.128568563},
{"learn":[17869.48378],"iteration":151,"passed_time":0.2016647677,"remaining_time":1.125077125},
{"learn":[17824.37602],"iteration":152,"passed_time":0.2026416072,"remaining_time":1.121813342},
{"learn":[17767.20002],"iteration":153,"passed_time":0.2036338478,"remaining_time":1.118663865},
{"learn":[17734.74799],"iteration":154,"passed_time":0.204621118,"remaining_time":1.115515127},
{"learn":[17692.3205],"iteration":155,"passed_time":0.2055930072,"remaining_time":1.112310885},
{"learn":[17645.19236],"iteration":156,"passed_time":0.206546375,"remaining_time":1.109035631},
{"learn":[17590.51247],"iteration":157,"passed_time":0.2075481863,"remaining_time":1.106047929},
{"learn":[17548.01788],"iteration":158,"passed_time":0.2085224456,"remaining_time":1.102939476},
{"learn":[17507.55899],"iteration":159,"passed_time":0.2095128361,"remaining_time":1.099942389},
{"learn":[17453.93847],"iteration":160,"passed_time":0.2104914757,"remaining_time":1.096908994},
{"learn":[17418.60462],"iteration":161,"passed_time":0.2114649649,"remaining_time":1.093874325},
{"learn":[17374.42457],"iteration":162,"passed_time":0.2124310937,"remaining_time":1.09082715},
{"learn":[17316.7148],"iteration":163,"passed_time":0.2134118435,"remaining_time":1.087879885},
{"learn":[17270.17392],"iteration":164,"passed_time":0.2143928232,"remaining_time":1.084957621},
{"learn":[17219.36435],"iteration":165,"passed_time":0.2153696027,"remaining_time":1.082037643},
{"learn":[17184.12386],"iteration":166,"passed_time":0.2163591631,"remaining_time":1.079204688},
{"learn":[17142.6248],"iteration":167,"passed_time":0.2173451533,"remaining_time":1.076375997},
{"learn":[17082.12888],"iteration":168,"passed_time":0.2183482147,"remaining_time":1.073653055},
{"learn":[17055.78872],"iteration":169,"passed_time":0.2193195638,"remaining_time":1.070795517},
{"learn":[17009.43143],"iteration":170,"passed_time":0.2203303557,"remaining_time":1.068151256},
{"learn":[16971.69603],"iteration":171,"passed_time":0.2213528484,"remaining_time":1.065582317},
{"learn":[16922.0825],"iteration":172,"passed_time":0.2223264777,"remaining_time":1.062797671},
{"learn":[16890.52758],"iteration":173,"passed_time":0.2232989769,"remaining_time":1.060028476},
{"learn":[16820.78628],"iteration":174,"passed_time":0.2242960278,"remaining_time":1.05739556},
{"learn":[16753.90844],"iteration":175,"passed_time":0.2252916187,"remaining_time":1.054774396},
{"learn":[16702.08565],"iteration":176,"passed_time":0.2262721484,"remaining_time":1.052101571},
{"learn":[16660.67158],"iteration":177,"passed_time":0.2272268463,"remaining_time":1.04932847},
{"learn":[16619.82368],"iteration":178,"passed_time":0.2281836244,"remaining_time":1.046585227},
{"learn":[16594.67029],"iteration":179,"passed_time":0.2291387924,"remaining_time":1.043854499},
{"learn":[16561.13152],"iteration":180,"passed_time":0.230131323,"remaining_time":1.04131245},
{"learn":[16518.44716],"iteration":181,"passed_time":0.2310833707,"remaining_time":1.038605479},
{"learn":[16474.75391],"iteration":182,"passed_time":0.2320170171,"remaining_time":1.035835536},
{"learn":[16443.18748],"iteration":183,"passed_time":0.232971185,"remaining_time":1.03317656},
{"learn":[16405.50432],"iteration":184,"passed_time":0.2339430242,"remaining_time":1.030613863},
{"learn":[16369.79794],"iteration":185,"passed_time":0.2349152033,"remaining_time":1.028069761},
{"learn":[16335.8064],"iteration":186,"passed_time":0.2358892426,"remaining_time":1.025550558},
{"learn":[16292.76451],"iteration":187,"passed_time":0.2368271294,"remaining_time":1.022891644},
{"learn":[16239.85156],"iteration":188,"passed_time":0.2377551054,"remaining_time":1.020208415},
{"learn":[16201.09426],"iteration":189,"passed_time":0.2387277046,"remaining_time":1.017733898},
{"learn":[16160.75226],"iteration":190,"passed_time":0.2396906331,"remaining_time":1.015234147},
{"learn":[16126.52143],"iteration":191,"passed_time":0.2406695527,"remaining_time":1.012817701},
{"learn":[16111.17675],"iteration":192,"passed_time":0.2416374016,"remaining_time":1.010369861},
{"learn":[16074.11951],"iteration":193,"passed_time":0.2426114909,"remaining_time":1.007963204},
{"learn":[16033.73896],"iteration":194,"passed_time":0.243596281,"remaining_time":1.005615416},
{"learn":[15989.76775],"iteration":195,"passed_time":0.2445859314,"remaining_time":1.003301474},
{"learn":[15959.62318],"iteration":196,"passed_time":0.2455439595,"remaining_time":1.000872079},
{"learn":[15922.92926],"iteration":197,"passed_time":0.2465089182,"remaining_time":0.9984856181},
{"learn":[15872.48983],"iteration":198,"passed_time":0.2475152398,"remaining_time":0.996279935},
{"learn":[15831.84718],"iteration":199,"passed_time":0.2484633772,"remaining_time":0.9938535089},
{"learn":[15797.0731],"iteration":200,"passed_time":0.2494312161,"remaining_time":0.9915201078},
{"learn":[15739.89669],"iteration":201,"passed_time":0.2504264369,"remaining_time":0.9893083992},
{"learn":[15702.75427],"iteration":202,"passed_time":0.2513880253,"remaining_time":0.9869766314},
{"learn":[15654.73959],"iteration":203,"passed_time":0.2523584844,"remaining_time":0.9846929096},
{"learn":[15616.76662],"iteration":204,"passed_time":0.2533838373,"remaining_time":0.9826348813},
{"learn":[15569.38942],"iteration":205,"passed_time":0.2543595067,"remaining_time":0.9803953803},
{"learn":[15535.80917],"iteration":206,"passed_time":0.2553707587,"remaining_time":0.978304404},
{"learn":[15493.17859],"iteration":207,"passed_time":0.2563326071,"remaining_time":0.9760356963},
{"learn":[15453.47299],"iteration":208,"passed_time":0.2573227175,"remaining_time":0.9738864573},
{"learn":[15423.71353],"iteration":209,"passed_time":0.2583088177,"remaining_time":0.9717331714},
{"learn":[15398.10949],"iteration":210,"passed_time":0.2592725163,"remaining_time":0.9695071817},
{"learn":[15364.4374],"iteration":211,"passed_time":0.2602443354,"remaining_time":0.9673232844},
{"learn":[15324.85914],"iteration":212,"passed_time":0.2611952231,"remaining_time":0.9650734298},
{"learn":[15293.05073],"iteration":213,"passed_time":0.2621756428,"remaining_time":0.9629441834},
{"learn":[15261.61544],"iteration":214,"passed_time":0.2631426616,"remaining_time":0.9607766947},
{"learn":[15223.93237],"iteration":215,"passed_time":0.2640938893,"remaining_time":0.9585630056},
{"learn":[15186.6106],"iteration":216,"passed_time":0.2650728789,"remaining_time":0.9564611254},
{"learn":[15151.05464],"iteration":217,"passed_time":0.2660251867,"remaining_time":0.9542738348},
{"learn":[15099.55459],"iteration":218,"passed_time":0.2669727241,"remaining_time":0.9520808106},
{"learn":[15053.17339],"iteration":219,"passed_time":0.2679070906,"remaining_time":0.9498524121},
{"learn":[15024.40782],"iteration":220,"passed_time":0.2688764295,"remaining_time":0.9477589983},
{"learn":[14982.73057],"iteration":221,"passed_time":0.2698300174,"remaining_time":0.9456205114},
{"learn":[14932.40136],"iteration":222,"passed_time":0.2708200978,"remaining_time":0.9436198028},
{"learn":[14890.7219],"iteration":223,"passed_time":0.2717797461,"remaining_time":0.9415226919},
{"learn":[14861.17305],"iteration":224,"passed_time":0.2727703466,"remaining_time":0.9395423049},
{"learn":[14841.31706],"iteration":225,"passed_time":0.2737487062,"remaining_time":0.9375287548},
{"learn":[14788.09109],"iteration":226,"passed_time":0.2747287459,"remaining_time":0.9355300467},
{"learn":[14754.73528],"iteration":227,"passed_time":0.2757245668,"remaining_time":0.9335937085},
{"learn":[14715.12413],"iteration":228,"passed_time":0.2766919356,"remaining_time":0.9315697919},
{"learn":[14664.72186],"iteration":229,"passed_time":0.2776758956,"remaining_time":0.929610607},
{"learn":[14633.9957],"iteration":230,"passed_time":0.2786925379,"remaining_time":0.9277686652},
{"learn":[14606.89241],"iteration":231,"passed_time":0.2796795982,"remaining_time":0.9258359111},
{"learn":[14574.10028],"iteration":232,"passed_time":0.2806725488,"remaining_time":0.9239306649},
{"learn":[14533.17192],"iteration":233,"passed_time":0.2816796605,"remaining_time":0.9220795722},
{"learn":[14496.40415],"iteration":234,"passed_time":0.2826518596,"remaining_time":0.9201220111},
{"learn":[14447.47264],"iteration":235,"passed_time":0.2835783655,"remaining_time":0.9180248783},
{"learn":[14424.56241],"iteration":236,"passed_time":0.284554695,"remaining_time":0.9160980265},
{"learn":[14406.35967],"iteration":237,"passed_time":0.285524914,"remaining_time":0.9141595987},
{"learn":[14396.36919],"iteration":238,"passed_time":0.2864633308,"remaining_time":0.9121280114},
{"learn":[14355.9616],"iteration":239,"passed_time":0.2874554614,"remaining_time":0.9102756277},
{"learn":[14316.78102],"iteration":240,"passed_time":0.2884602829,"remaining_time":0.9084703514},
{"learn":[14302.10944],"iteration":241,"passed_time":0.2894631142,"remaining_time":0.9066654569},
{"learn":[14279.46227],"iteration":242,"passed_time":0.2904526846,"remaining_time":0.9048258529},
{"learn":[14247.15303],"iteration":243,"passed_time":0.2914257438,"remaining_time":0.9029420588},
{"learn":[14216.66387],"iteration":244,"passed_time":0.2924158343,"remaining_time":0.9011181832},
{"learn":[14173.36157],"iteration":245,"passed_time":0.2934282863,"remaining_time":0.8993696256},
{"learn":[14132.5788],"iteration":246,"passed_time":0.2944242072,"remaining_time":0.8975766316},
{"learn":[14091.78077],"iteration":247,"passed_time":0.2954101873,"remaining_time":0.8957599229},
{"learn":[14058.44076],"iteration":248,"passed_time":0.2963587348,"remaining_time":0.8938369873},
{"learn":[14031.70092],"iteration":249,"passed_time":0.2973395646,"remaining_time":0.8920186938},
{"learn":[14008.87549],"iteration":250,"passed_time":0.2982968627,"remaining_time":0.8901368532},
{"learn":[13978.95779],"iteration":251,"passed_time":0.299285373,"remaining_time":0.8883549961},
{"learn":[13946.99309],"iteration":252,"passed_time":0.300240091,"remaining_time":0.8864796361},
{"learn":[13931.68556],"iteration":253,"passed_time":0.3012401721,"remaining_time":0.8847447574},
{"learn":[13910.15359],"iteration":254,"passed_time":0.3021754386,"remaining_time":0.8828262815},
{"learn":[13880.36874],"iteration":255,"passed_time":0.3031902809,"remaining_time":0.8811467537},
{"learn":[13850.89465],"iteration":256,"passed_time":0.3043065903,"remaining_time":0.8797657454},
{"learn":[13819.75891],"iteration":257,"passed_time":0.3052693288,"remaining_time":0.8779451238},
{"learn":[13792.31401],"iteration":258,"passed_time":0.3062766504,"remaining_time":0.8762586794},
{"learn":[13778.48475],"iteration":259,"passed_time":0.3072475295,"remaining_time":0.8744737378},
{"learn":[13747.02026],"iteration":260,"passed_time":0.3082417002,"remaining_time":0.8727609827},
{"learn":[13710.6421],"iteration":261,"passed_time":0.3091739766,"remaining_time":0.8708793691},
{"learn":[13681.31259],"iteration":262,"passed_time":0.3101397353,"remaining_time":0.8690988019},
{"learn":[13648.63924],"iteration":263,"passed_time":0.3111117544,"remaining_time":0.8673418608},
{"learn":[13621.19111],"iteration":264,"passed_time":0.3120585718,"remaining_time":0.8655209444},
{"learn":[13596.99129],"iteration":265,"passed_time":0.313059903,"remaining_time":0.8638570257},
{"learn":[13565.81445],"iteration":266,"passed_time":0.3140498935,"remaining_time":0.862166936},
{"learn":[13535.38602],"iteration":267,"passed_time":0.3150051114,"remaining_time":0.8603870954},
{"learn":[13508.39742],"iteration":268,"passed_time":0.3160051626,"remaining_time":0.8587352188},
{"learn":[13466.91291],"iteration":269,"passed_time":0.3169926628,"remaining_time":0.8570542366},
{"learn":[13431.97045],"iteration":270,"passed_time":0.3179713725,"remaining_time":0.8553547252},
{"learn":[13405.72149],"iteration":271,"passed_time":0.3189563625,"remaining_time":0.8536773233},
{"learn":[13392.96298],"iteration":272,"passed_time":0.3199028199,"remaining_time":0.8519023812},
{"learn":[13362.5856],"iteration":273,"passed_time":0.3208752391,"remaining_time":0.8502022758},
{"learn":[13334.66708],"iteration":274,"passed_time":0.3218652795,"remaining_time":0.8485539187},
{"learn":[13321.98852],"iteration":275,"passed_time":0.32285545,"remaining_time":0.8469106731},
{"learn":[13292.38084],"iteration":276,"passed_time":0.3238243389,"remaining_time":0.8452165957},
{"learn":[13274.52689],"iteration":277,"passed_time":0.3247948679,"remaining_time":0.8435319951},
{"learn":[13248.97519],"iteration":278,"passed_time":0.3257848484,"remaining_time":0.8419027802},
{"learn":[13217.44748],"iteration":279,"passed_time":0.3267408564,"remaining_time":0.8401907736},
{"learn":[13210.20687],"iteration":280,"passed_time":0.3276863237,"remaining_time":0.8384571769},
{"learn":[13169.43847],"iteration":281,"passed_time":0.3286672934,"remaining_time":0.8368195627},
{"learn":[13161.90968],"iteration":282,"passed_time":0.3296675846,"remaining_time":0.8352355412},
{"learn":[13131.26268],"iteration":283,"passed_time":0.3306202624,"remaining_time":0.8335355911},
{"learn":[13108.96462],"iteration":284,"passed_time":0.3315946217,"remaining_time":0.831895279},
{"learn":[13070.24064],"iteration":285,"passed_time":0.3325932728,"remaining_time":0.8303202684},
{"learn":[13043.27847],"iteration":286,"passed_time":0.3336060748,"remaining_time":0.8287844298},
{"learn":[13007.76496],"iteration":287,"passed_time":0.3345997955,"remaining_time":0.82720505},
{"learn":[12970.91424],"iteration":288,"passed_time":0.3356016868,"remaining_time":0.8256498246},
{"learn":[12939.591],"iteration":289,"passed_time":0.3365523044,"remaining_time":0.8239728833},
{"learn":[12911.91478],"iteration":290,"passed_time":0.337529824,"remaining_time":0.8223664784},
{"learn":[12903.15261],"iteration":291,"passed_time":0.3384497894,"remaining_time":0.8206248319},
{"learn":[12876.49974],"iteration":292,"passed_time":0.3394036473,"remaining_time":0.8189705756},
{"learn":[12861.6089],"iteration":293,"passed_time":0.3403861872,"remaining_time":0.8173899597},
{"learn":[12838.34959],"iteration":294,"passed_time":0.3413553161,"remaining_time":0.8157813488},
{"learn":[12811.03563],"iteration":295,"passed_time":0.3423577675,"remaining_time":0.8142563118},
{"learn":[12793.41265],"iteration":296,"passed_time":0.3433118854,"remaining_time":0.8126203886},
{"learn":[12775.7813],"iteration":297,"passed_time":0.3442527723,"remaining_time":0.810957873},
{"learn":[12747.10679],"iteration":298,"passed_time":0.3452546136,"remaining_time":0.8094430907},
{"learn":[12726.03007],"iteration":299,"passed_time":0.3462312231,"remaining_time":0.8078728538},
{"learn":[12697.40323],"iteration":300,"passed_time":0.3472177732,"remaining_time":0.8063296462},
{"learn":[12662.42199],"iteration":301,"passed_time":0.3482075837,"remaining_time":0.8047976603},
{"learn":[12645.11304],"iteration":302,"passed_time":0.3491847232,"remaining_time":0.8032401058},
{"learn":[12625.20286],"iteration":303,"passed_time":0.3501471317,"remaining_time":0.8016526435},
{"learn":[12585.41309],"iteration":304,"passed_time":0.3511122703,"remaining_time":0.8000755012},
{"learn":[12556.18078],"iteration":305,"passed_time":0.3521030308,"remaining_time":0.7985604686},
{"learn":[12550.1161],"iteration":306,"passed_time":0.3530681795,"remaining_time":0.7969910371},
{"learn":[12535.74],"iteration":307,"passed_time":0.3542147711,"remaining_time":0.7958331869},
{"learn":[12501.39108],"iteration":308,"passed_time":0.3552207626,"remaining_time":0.7943609934},
{"learn":[12485.34696],"iteration":309,"passed_time":0.3562061627,"remaining_time":0.7928459751},
{"learn":[12463.55842],"iteration":310,"passed_time":0.3571816421,"remaining_time":0.791312384},
{"learn":[12437.80471],"iteration":311,"passed_time":0.3581407804,"remaining_time":0.7897463362},
{"learn":[12415.73077],"iteration":312,"passed_time":0.3591289307,"remaining_time":0.7882478446},
{"learn":[12393.78106],"iteration":313,"passed_time":0.3601200512,"remaining_time":0.7867590927},
{"learn":[12359.95217],"iteration":314,"passed_time":0.3610960406,"remaining_time":0.7852405963},
{"learn":[12343.15917],"iteration":315,"passed_time":0.3620594892,"remaining_time":0.783698388},
{"learn":[12323.68061],"iteration":316,"passed_time":0.3630562101,"remaining_time":0.7822315189},
{"learn":[12308.85904],"iteration":317,"passed_time":0.3640119081,"remaining_time":0.7806796268},
{"learn":[12301.98486],"iteration":318,"passed_time":0.364981087,"remaining_time":0.7791602516},
{"learn":[12296.68844],"iteration":319,"passed_time":0.3659523861,"remaining_time":0.7776488205},
{"learn":[12285.53374],"iteration":320,"passed_time":0.3669023837,"remaining_time":0.7760956964},
{"learn":[12257.41199],"iteration":321,"passed_time":0.3678736928,"remaining_time":0.7745911917},
{"learn":[12222.73321],"iteration":322,"passed_time":0.3688545526,"remaining_time":0.7731100066},
{"learn":[12193.74701],"iteration":323,"passed_time":0.3698253017,"remaining_time":0.7716108146},
{"learn":[12167.65683],"iteration":324,"passed_time":0.3708090117,"remaining_time":0.7701417935},
{"learn":[12137.40373],"iteration":325,"passed_time":0.3717921216,"remaining_time":0.7686745091},
{"learn":[12114.4607],"iteration":326,"passed_time":0.3727740115,"remaining_time":0.767207675},
{"learn":[12095.68862],"iteration":327,"passed_time":0.3737276793,"remaining_time":0.7656859771},
{"learn":[12075.72794],"iteration":328,"passed_time":0.374734701,"remaining_time":0.7642765482},
{"learn":[12070.49589],"iteration":329,"passed_time":0.3756900589,"remaining_time":0.7627646651},
{"learn":[12052.71488],"iteration":330,"passed_time":0.3766569477,"remaining_time":0.7612794502},
{"learn":[12026.14414],"iteration":331,"passed_time":0.3776211763,"remaining_time":0.7597920054},
{"learn":[11994.93857],"iteration":332,"passed_time":0.3786120268,"remaining_time":0.7583610267},
{"learn":[11964.21695],"iteration":333,"passed_time":0.3796046174,"remaining_time":0.7569361533},
{"learn":[11939.91837],"iteration":334,"passed_time":0.3805943279,"remaining_time":0.7555081434},
{"learn":[11925.57513],"iteration":335,"passed_time":0.3815675471,"remaining_time":0.7540501526},
{"learn":[11918.29707],"iteration":336,"passed_time":0.3824980733,"remaining_time":0.7525110463},
{"learn":[11913.3191],"iteration":337,"passed_time":0.3834325598,"remaining_time":0.7509832976},
{"learn":[11902.17431],"iteration":338,"passed_time":0.3843990485,"remaining_time":0.7495214486},
{"learn":[11877.86201],"iteration":339,"passed_time":0.3853788283,"remaining_time":0.7480883137},
{"learn":[11859.28102],"iteration":340,"passed_time":0.3863685287,"remaining_time":0.74667701},
{"learn":[11830.81772],"iteration":341,"passed_time":0.3873514286,"remaining_time":0.7452550878},
{"learn":[11814.61655],"iteration":342,"passed_time":0.3883593903,"remaining_time":0.7438837301},
{"learn":[11809.36854],"iteration":343,"passed_time":0.3893235289,"remaining_time":0.7424309156},
{"learn":[11778.75961],"iteration":344,"passed_time":0.3902957981,"remaining_time":0.7409963703},
{"learn":[11772.67602],"iteration":345,"passed_time":0.3912331848,"remaining_time":0.7394985631},
{"learn":[11760.34503],"iteration":346,"passed_time":0.392178222,"remaining_time":0.7380183832},
{"learn":[11742.51884],"iteration":347,"passed_time":0.3931351901,"remaining_time":0.736563632},
{"learn":[11727.11848],"iteration":348,"passed_time":0.3941197901,"remaining_time":0.7351632762},
{"learn":[11694.41589],"iteration":349,"passed_time":0.3951085905,"remaining_time":0.7337730966},
{"learn":[11691.34498],"iteration":350,"passed_time":0.3960640585,"remaining_time":0.7323235725},
{"learn":[11673.52877],"iteration":351,"passed_time":0.3970395679,"remaining_time":0.73091375},
{"learn":[11651.09366],"iteration":352,"passed_time":0.3979980561,"remaining_time":0.7294751906},
{"learn":[11629.93527],"iteration":353,"passed_time":0.3990011474,"remaining_time":0.728120738},
{"learn":[11605.3451],"iteration":354,"passed_time":0.3999735966,"remaining_time":0.726712591},
{"learn":[11576.65426],"iteration":355,"passed_time":0.4009424956,"remaining_time":0.7253004695},
{"learn":[11549.13324],"iteration":356,"passed_time":0.4019079842,"remaining_time":0.7238846887},
{"learn":[11546.49964],"iteration":357,"passed_time":0.4028709428,"remaining_time":0.7224668862},
{"learn":[11544.0484],"iteration":358,"passed_time":0.4038652835,"remaining_time":0.721107651},
{"learn":[11536.3846],"iteration":359,"passed_time":0.4048192214,"remaining_time":0.7196786158},
{"learn":[11531.18415],"iteration":360,"passed_time":0.4057880003,"remaining_time":0.7182784825},
{"learn":[11523.77222],"iteration":361,"passed_time":0.4067199566,"remaining_time":0.7168158351},
{"learn":[11503.47968],"iteration":362,"passed_time":0.407710127,"remaining_time":0.715458267},
{"learn":[11464.48511],"iteration":363,"passed_time":0.4086860465,"remaining_time":0.7140778175},
{"learn":[11462.81077],"iteration":364,"passed_time":0.4096309537,"remaining_time":0.7126456318},
{"learn":[11447.16541],"iteration":365,"passed_time":0.4106203741,"remaining_time":0.7112932163},
{"learn":[11434.5934],"iteration":366,"passed_time":0.4116106045,"remaining_time":0.7099441762},
{"learn":[11408.24873],"iteration":367,"passed_time":0.4125700428,"remaining_time":0.708544204},
{"learn":[11384.96864],"iteration":368,"passed_time":0.4135489625,"remaining_time":0.7071799331},
{"learn":[11376.51724],"iteration":369,"passed_time":0.414512041,"remaining_time":0.7057907725},
{"learn":[11350.5544],"iteration":370,"passed_time":0.4155160624,"remaining_time":0.7044733241},
{"learn":[11342.75106],"iteration":371,"passed_time":0.4165022226,"remaining_time":0.703127408},
{"learn":[11325.94769],"iteration":372,"passed_time":0.4174684213,"remaining_time":0.7017498664},
{"learn":[11300.97431],"iteration":373,"passed_time":0.418448021,"remaining_time":0.7003969549},
{"learn":[11272.99808],"iteration":374,"passed_time":0.4194381314,"remaining_time":0.6990635524},
{"learn":[11251.93384],"iteration":375,"passed_time":0.4204609742,"remaining_time":0.6977862976},
{"learn":[11229.30139],"iteration":376,"passed_time":0.421469346,"remaining_time":0.6964864789},
{"learn":[11217.17336],"iteration":377,"passed_time":0.422425084,"remaining_time":0.6951015932},
{"learn":[11215.89313],"iteration":378,"passed_time":0.4233614706,"remaining_time":0.6936872645},
{"learn":[11212.9999],"iteration":379,"passed_time":0.4243317796,"remaining_time":0.6923307983},
{"learn":[11193.5742],"iteration":380,"passed_time":0.4253135395,"remaining_time":0.6909949631},
{"learn":[11169.14639],"iteration":381,"passed_time":0.4262657772,"remaining_time":0.6896132207},
{"learn":[11153.27756],"iteration":382,"passed_time":0.4272360662,"remaining_time":0.6882628012},
{"learn":[11116.31771],"iteration":383,"passed_time":0.4282237465,"remaining_time":0.68694226},
{"learn":[11093.15247],"iteration":384,"passed_time":0.4291946756,"remaining_time":0.6855966896},
{"learn":[11076.53638],"iteration":385,"passed_time":0.4301635645,"remaining_time":0.6842498151},
{"learn":[11047.74559],"iteration":386,"passed_time":0.431139824,"remaining_time":0.6829165687},
{"learn":[11017.50613],"iteration":387,"passed_time":0.4321199737,"remaining_time":0.6815912987},
{"learn":[10991.77035],"iteration":388,"passed_time":0.4330847824,"remaining_time":0.680243707},
{"learn":[10974.98509],"iteration":389,"passed_time":0.4340487009,"remaining_time":0.6788966861},
{"learn":[10955.74734],"iteration":390,"passed_time":0.4349905879,"remaining_time":0.6775173096},
{"learn":[10949.17086],"iteration":391,"passed_time":0.4359735479,"remaining_time":0.6762038702},
{"learn":[10935.04434],"iteration":392,"passed_time":0.4369467071,"remaining_time":0.6748769751},
{"learn":[10917.24586],"iteration":393,"passed_time":0.4379070654,"remaining_time":0.673532187},
{"learn":[10904.48858],"iteration":394,"passed_time":0.4388951057,"remaining_time":0.6722317442},
{"learn":[10879.37805],"iteration":395,"passed_time":0.439854064,"remaining_time":0.6708885218},
{"learn":[10878.196],"iteration":396,"passed_time":0.4408132322,"remaining_time":0.6695475542},
{"learn":[10852.88211],"iteration":397,"passed_time":0.4418056028,"remaining_time":0.6682587259},
{"learn":[10830.31207],"iteration":398,"passed_time":0.4427936631,"remaining_time":0.666964891},
{"learn":[10802.81089],"iteration":399,"passed_time":0.4437644122,"remaining_time":0.6656466183},
{"learn":[10783.31794],"iteration":400,"passed_time":0.4447569328,"remaining_time":0.6643626003},
{"learn":[10769.68222],"iteration":401,"passed_time":0.445743143,"remaining_time":0.6630706455},
{"learn":[10755.1452],"iteration":402,"passed_time":0.4467330034,"remaining_time":0.6617856154},
{"learn":[10727.25454],"iteration":403,"passed_time":0.4477032324,"remaining_time":0.6604730854},
{"learn":[10706.17005],"iteration":404,"passed_time":0.448681402,"remaining_time":0.6591739116},
{"learn":[10686.50581],"iteration":405,"passed_time":0.4496548913,"remaining_time":0.6578694714},
{"learn":[10666.78342],"iteration":406,"passed_time":0.4506112293,"remaining_time":0.6565416682},
{"learn":[10663.27126],"iteration":407,"passed_time":0.4515500661,"remaining_time":0.655190292},
{"learn":[10649.64708],"iteration":408,"passed_time":0.4525838796,"remaining_time":0.6539781733},
{"learn":[10648.29292],"iteration":409,"passed_time":0.4535375275,"remaining_time":0.652651564},
{"learn":[10634.38491],"iteration":410,"passed_time":0.4545396188,"remaining_time":0.6513961933},
{"learn":[10622.22422],"iteration":411,"passed_time":0.4555416201,"remaining_time":0.6501419238},
{"learn":[10606.16736],"iteration":412,"passed_time":0.4564875074,"remaining_time":0.6488091206},
{"learn":[10581.2682],"iteration":413,"passed_time":0.4574886286,"remaining_time":0.647556368},
{"learn":[10565.35394],"iteration":414,"passed_time":0.4584841094,"remaining_time":0.6462968771},
{"learn":[10545.4794],"iteration":415,"passed_time":0.4594390674,"remaining_time":0.6449817676},
{"learn":[10541.69267],"iteration":416,"passed_time":0.4603796143,"remaining_time":0.6436482377},
{"learn":[10527.87429],"iteration":417,"passed_time":0.4613400026,"remaining_time":0.6423442142},
{"learn":[10507.80268],"iteration":418,"passed_time":0.4623270128,"remaining_time":0.6410787457},
{"learn":[10485.99568],"iteration":419,"passed_time":0.463285741,"remaining_time":0.6397755472},
{"learn":[10468.03404],"iteration":420,"passed_time":0.4642869023,"remaining_time":0.638532343},
{"learn":[10437.15972],"iteration":421,"passed_time":0.4652480507,"remaining_time":0.6372354817},
{"learn":[10419.82592],"iteration":422,"passed_time":0.4662392312,"remaining_time":0.6359811735},
{"learn":[10401.49232],"iteration":423,"passed_time":0.4672435126,"remaining_time":0.6347459039},
{"learn":[10395.07774],"iteration":424,"passed_time":0.4682072712,"remaining_time":0.6334568963},
{"learn":[10383.77842],"iteration":425,"passed_time":0.4691954215,"remaining_time":0.6322022815},
{"learn":[10354.14786],"iteration":426,"passed_time":0.4701638904,"remaining_time":0.630922504},
{"learn":[10348.82631],"iteration":427,"passed_time":0.4711083076,"remaining_time":0.6296120372},
{"learn":[10347.84875],"iteration":428,"passed_time":0.472084047,"remaining_time":0.628344967},
{"learn":[10336.25185],"iteration":429,"passed_time":0.4730799279,"remaining_time":0.6271059509},
{"learn":[10316.83954],"iteration":430,"passed_time":0.4740529071,"remaining_time":0.6258378286},
{"learn":[10315.7754],"iteration":431,"passed_time":0.4749844034,"remaining_time":0.6245165303},
{"learn":[10292.48584],"iteration":432,"passed_time":0.4759582226,"remaining_time":0.6232524532},
{"learn":[10279.77137],"iteration":433,"passed_time":0.4769444828,"remaining_time":0.6220059384},
{"learn":[10268.20134],"iteration":434,"passed_time":0.4779056112,"remaining_time":0.6207279778},
{"learn":[10249.02366],"iteration":435,"passed_time":0.4788984618,"remaining_time":0.6194925057},
{"learn":[10246.08981],"iteration":436,"passed_time":0.4798805517,"remaining_time":0.6182442806},
{"learn":[10232.01898],"iteration":437,"passed_time":0.4808671219,"remaining_time":0.6170030194},
{"learn":[10212.10134],"iteration":438,"passed_time":0.4818272302,"remaining_time":0.6157291028},
{"learn":[10191.61849],"iteration":439,"passed_time":0.4828284214,"remaining_time":0.6145089},
{"learn":[10173.10569],"iteration":440,"passed_time":0.4838104613,"remaining_time":0.6132654147},
{"learn":[10154.97251],"iteration":441,"passed_time":0.4847792002,"remaining_time":0.6120063206},
{"learn":[10138.65338],"iteration":442,"passed_time":0.4857663204,"remaining_time":0.610771649},
{"learn":[10126.69832],"iteration":443,"passed_time":0.4867509905,"remaining_time":0.6095350241},
{"learn":[10122.85705],"iteration":444,"passed_time":0.4877193194,"remaining_time":0.6082791512},
{"learn":[10107.31665],"iteration":445,"passed_time":0.4886895984,"remaining_time":0.60702699},
{"learn":[10101.05956],"iteration":446,"passed_time":0.4896384159,"remaining_time":0.6057495392},
{"learn":[10082.70357],"iteration":447,"passed_time":0.4906174956,"remaining_time":0.6045108428},
{"learn":[10061.13621],"iteration":448,"passed_time":0.4915758538,"remaining_time":0.603247874},
{"learn":[10047.59794],"iteration":449,"passed_time":0.4925689844,"remaining_time":0.6020287588},
{"learn":[10028.76426],"iteration":450,"passed_time":0.4935919072,"remaining_time":0.6008469114},
{"learn":[10027.80221],"iteration":451,"passed_time":0.4945470252,"remaining_time":0.5995835615},
{"learn":[10007.90548],"iteration":452,"passed_time":0.4955461262,"remaining_time":0.5983746822},
{"learn":[9994.867791],"iteration":453,"passed_time":0.4965107849,"remaining_time":0.5971253052},
{"learn":[9985.126725],"iteration":454,"passed_time":0.4974498917,"remaining_time":0.5958465736},
{"learn":[9968.813371],"iteration":455,"passed_time":0.4985331388,"remaining_time":0.5947412883},
{"learn":[9943.899782],"iteration":456,"passed_time":0.499505808,"remaining_time":0.5935047127},
{"learn":[9929.84573],"iteration":457,"passed_time":0.500462246,"remaining_time":0.5922500815},
{"learn":[9924.67759],"iteration":458,"passed_time":0.5015332622,"remaining_time":0.5911317971},
{"learn":[9906.49422],"iteration":459,"passed_time":0.5025542048,"remaining_time":0.5899549361},
{"learn":[9878.033218],"iteration":460,"passed_time":0.5035155632,"remaining_time":0.5887090859},
{"learn":[9874.307875],"iteration":461,"passed_time":0.5044622106,"remaining_time":0.5874473361},
{"learn":[9852.89603],"iteration":462,"passed_time":0.5054264392,"remaining_time":0.5862073388},
{"learn":[9829.362284],"iteration":463,"passed_time":0.5064298006,"remaining_time":0.5850137352},
{"learn":[9819.958261],"iteration":464,"passed_time":0.5073899189,"remaining_time":0.583771197},
{"learn":[9803.523933],"iteration":465,"passed_time":0.5083519673,"remaining_time":0.5825320827},
{"learn":[9791.274433],"iteration":466,"passed_time":0.5093343972,"remaining_time":0.581317417},
{"learn":[9774.710509],"iteration":467,"passed_time":0.5103245677,"remaining_time":0.5801125427},
{"learn":[9761.941691],"iteration":468,"passed_time":0.5112857161,"remaining_time":0.5788757254},
{"learn":[9749.652562],"iteration":469,"passed_time":0.5122589853,"remaining_time":0.5776537494},
{"learn":[9737.337398],"iteration":470,"passed_time":0.5131951219,"remaining_time":0.5763911242},
{"learn":[9727.452651],"iteration":471,"passed_time":0.5141763517,"remaining_time":0.5751803256},
{"learn":[9717.912306],"iteration":472,"passed_time":0.5151352699,"remaining_time":0.573945639},
{"learn":[9687.101749],"iteration":473,"passed_time":0.5161272205,"remaining_time":0.5727487721},
{"learn":[9673.545217],"iteration":474,"passed_time":0.5171159909,"remaining_time":0.5715492531},
{"learn":[9664.575941],"iteration":475,"passed_time":0.5181030711,"remaining_time":0.5703487589},
{"learn":[9657.956141],"iteration":476,"passed_time":0.5190595391,"remaining_time":0.5691155953},
{"learn":[9644.540162],"iteration":477,"passed_time":0.5200186074,"remaining_time":0.567886429},
{"learn":[9640.403151],"iteration":478,"passed_time":0.5210078177,"remaining_time":0.5666911755},
{"learn":[9616.651376],"iteration":479,"passed_time":0.521995898,"remaining_time":0.5654955562},
{"learn":[9602.29395],"iteration":480,"passed_time":0.5229938891,"remaining_time":0.5643114936},
{"learn":[9589.069067],"iteration":481,"passed_time":0.5239709886,"remaining_time":0.5631057512},
{"learn":[9583.691411],"iteration":482,"passed_time":0.5249342271,"remaining_time":0.5618861189},
{"learn":[9563.160982],"iteration":483,"passed_time":0.5259440289,"remaining_time":0.5607171879},
{"learn":[9546.696648],"iteration":484,"passed_time":0.5269405998,"remaining_time":0.5595348638},
{"learn":[9525.054781],"iteration":485,"passed_time":0.5279110789,"remaining_time":0.558325709},
{"learn":[9515.512504],"iteration":486,"passed_time":0.5288843981,"remaining_time":0.5571205262},
{"learn":[9512.245002],"iteration":487,"passed_time":0.5298372359,"remaining_time":0.5558948049},
{"learn":[9510.07468],"iteration":488,"passed_time":0.5307731525,"remaining_time":0.5546525173},
{"learn":[9490.763589],"iteration":489,"passed_time":0.5317418914,"remaining_time":0.5534456421},
{"learn":[9471.361764],"iteration":490,"passed_time":0.532733602,"remaining_time":0.5522635507},
{"learn":[9456.463523],"iteration":491,"passed_time":0.5337093614,"remaining_time":0.5510657634},
{"learn":[9430.482994],"iteration":492,"passed_time":0.5346986718,"remaining_time":0.5498828126},
{"learn":[9428.153758],"iteration":493,"passed_time":0.5356500295,"remaining_time":0.5486617711},
{"learn":[9419.666179],"iteration":494,"passed_time":0.5366312693,"remaining_time":0.547472305},
{"learn":[9400.705423],"iteration":495,"passed_time":0.5376222098,"remaining_time":0.5462935358},
{"learn":[9387.903902],"iteration":496,"passed_time":0.5386356219,"remaining_time":0.5451382652},
{"learn":[9385.781856],"iteration":497,"passed_time":0.5395942001,"remaining_time":0.5439282901},
{"learn":[9372.47594],"iteration":498,"passed_time":0.5405824304,"remaining_time":0.5427490935},
{"learn":[9344.011595],"iteration":499,"passed_time":0.5415802714,"remaining_time":0.5415802714},
{"learn":[9325.56803],"iteration":500,"passed_time":0.5425463201,"remaining_time":0.5403804666},
{"learn":[9311.867271],"iteration":501,"passed_time":0.5435173792,"remaining_time":0.5391865634},
{"learn":[9297.78618],"iteration":502,"passed_time":0.5445050395,"remaining_time":0.5380099496},
{"learn":[9286.010891],"iteration":503,"passed_time":0.5454722083,"remaining_time":0.5368139193},
{"learn":[9272.884827],"iteration":504,"passed_time":0.5464738696,"remaining_time":0.5356526048},
{"learn":[9272.08928],"iteration":505,"passed_time":0.5473993354,"remaining_time":0.534417533},
{"learn":[9263.097649],"iteration":506,"passed_time":0.5483603838,"remaining_time":0.5332182825},
{"learn":[9248.169833],"iteration":507,"passed_time":0.5493520443,"remaining_time":0.5320496177},
{"learn":[9235.964303],"iteration":508,"passed_time":0.5503231234,"remaining_time":0.5308617949},
{"learn":[9227.631147],"iteration":509,"passed_time":0.5514056204,"remaining_time":0.5297818706},
{"learn":[9212.685019],"iteration":510,"passed_time":0.5523702991,"remaining_time":0.5285891903},
{"learn":[9199.144324],"iteration":511,"passed_time":0.5533479886,"remaining_time":0.5274098017},
{"learn":[9196.553667],"iteration":512,"passed_time":0.554378992,"remaining_time":0.5262818111},
{"learn":[9173.231227],"iteration":513,"passed_time":0.5553577216,"remaining_time":0.5251047718},
{"learn":[9167.404523],"iteration":514,"passed_time":0.5563502322,"remaining_time":0.5239414808},
{"learn":[9143.273252],"iteration":515,"passed_time":0.5573537236,"remaining_time":0.5227891516},
{"learn":[9131.23261],"iteration":516,"passed_time":0.5583062214,"remaining_time":0.5215897581},
{"learn":[9121.333073],"iteration":517,"passed_time":0.5592453582,"remaining_time":0.5203788854},
{"learn":[9105.518953],"iteration":518,"passed_time":0.5602560301,"remaining_time":0.5192353574},
{"learn":[9091.221483],"iteration":519,"passed_time":0.5612325096,"remaining_time":0.5180607781},
{"learn":[9071.764595],"iteration":520,"passed_time":0.5622047688,"remaining_time":0.5168830791},
{"learn":[9058.088907],"iteration":521,"passed_time":0.5631741877,"remaining_time":0.5157035665},
{"learn":[9049.290974],"iteration":522,"passed_time":0.5641400464,"remaining_time":0.5145216102},
{"learn":[9041.17038],"iteration":523,"passed_time":0.5651442979,"remaining_time":0.5133753546},
{"learn":[9023.45604],"iteration":524,"passed_time":0.5661256677,"remaining_time":0.5122089375},
{"learn":[9012.318995],"iteration":525,"passed_time":0.5671301492,"remaining_time":0.5110640508},
{"learn":[8997.39843],"iteration":526,"passed_time":0.5681228998,"remaining_time":0.5099091681},
{"learn":[8994.638202],"iteration":527,"passed_time":0.5692448896,"remaining_time":0.5088704316},
{"learn":[8981.360059],"iteration":528,"passed_time":0.57023451,"remaining_time":0.5077135241},
{"learn":[8964.787007],"iteration":529,"passed_time":0.5711970985,"remaining_time":0.5065332761},
{"learn":[8954.111453],"iteration":530,"passed_time":0.5722110907,"remaining_time":0.5053992496},
{"learn":[8939.593634],"iteration":531,"passed_time":0.5732213925,"remaining_time":0.504262428},
{"learn":[8927.422861],"iteration":532,"passed_time":0.5742201936,"remaining_time":0.5031160045},
{"learn":[8916.202009],"iteration":533,"passed_time":0.5751856523,"remaining_time":0.5019410374},
{"learn":[8892.882167],"iteration":534,"passed_time":0.5761746327,"remaining_time":0.5007872975},
{"learn":[8880.11641],"iteration":535,"passed_time":0.577149482,"remaining_time":0.4996219397},
{"learn":[8856.923843],"iteration":536,"passed_time":0.5781622141,"remaining_time":0.4984899537},
{"learn":[8840.026603],"iteration":537,"passed_time":0.5791566048,"remaining_time":0.4973426606},
{"learn":[8831.663486],"iteration":538,"passed_time":0.5801036822,"remaining_time":0.4961554684},
{"learn":[8811.558552],"iteration":539,"passed_time":0.5811228847,"remaining_time":0.4950306055},
{"learn":[8803.847681],"iteration":540,"passed_time":0.5821225958,"remaining_time":0.4938895961},
{"learn":[8795.408335],"iteration":541,"passed_time":0.5831055158,"remaining_time":0.4927349192},
{"learn":[8783.498838],"iteration":542,"passed_time":0.5840730646,"remaining_time":0.4915679384},
{"learn":[8772.281767],"iteration":543,"passed_time":0.5850702656,"remaining_time":0.4904265461},
{"learn":[8760.158149],"iteration":544,"passed_time":0.5861061593,"remaining_time":0.4893179862},
{"learn":[8744.392239],"iteration":545,"passed_time":0.5871185113,"remaining_time":0.4881901174},
{"learn":[8738.823809],"iteration":546,"passed_time":0.5880741493,"remaining_time":0.4870157031},
{"learn":[8724.240743],"iteration":547,"passed_time":0.589025997,"remaining_time":0.485838961},
{"learn":[8712.834021],"iteration":548,"passed_time":0.5899691441,"remaining_time":0.4846558907},
{"learn":[8697.984099],"iteration":549,"passed_time":0.5909590645,"remaining_time":0.4835119619},
{"learn":[8685.403271],"iteration":550,"passed_time":0.5919571755,"remaining_time":0.4823752664},
{"learn":[8674.542865],"iteration":551,"passed_time":0.5929096533,"remaining_time":0.4812020375},
{"learn":[8666.311927],"iteration":552,"passed_time":0.5938699916,"remaining_time":0.4800359607},
{"learn":[8654.330875],"iteration":553,"passed_time":0.5948432009,"remaining_time":0.4788809884},
{"learn":[8645.208033],"iteration":554,"passed_time":0.5958468723,"remaining_time":0.4777510958},
{"learn":[8618.634442],"iteration":555,"passed_time":0.5968519538,"remaining_time":0.4766227832},
{"learn":[8600.908171],"iteration":556,"passed_time":0.5978364738,"remaining_time":0.47547856},
{"learn":[8587.474038],"iteration":557,"passed_time":0.5988254642,"remaining_time":0.4743384501},
{"learn":[8576.210909],"iteration":558,"passed_time":0.5998588477,"remaining_time":0.4732339031},
{"learn":[8563.482962],"iteration":559,"passed_time":0.6014725925,"remaining_time":0.4725856084},
{"learn":[8562.823569],"iteration":560,"passed_time":0.6024583326,"remaining_time":0.4714424386},
{"learn":[8552.598925],"iteration":561,"passed_time":0.6034421326,"remaining_time":0.4702983169},
{"learn":[8537.847224],"iteration":562,"passed_time":0.6044158119,"remaining_time":0.4691469091},
{"learn":[8526.873567],"iteration":563,"passed_time":0.605387091,"remaining_time":0.467994276},
{"learn":[8519.255626],"iteration":564,"passed_time":0.6063699309,"remaining_time":0.4668511858},
{"learn":[8505.23843],"iteration":565,"passed_time":0.6073364997,"remaining_time":0.4656961853},
{"learn":[8497.750566],"iteration":566,"passed_time":0.6082887175,"remaining_time":0.4645308901},
{"learn":[8482.421752],"iteration":567,"passed_time":0.6092749176,"remaining_time":0.4633921909},
{"learn":[8471.167483],"iteration":568,"passed_time":0.6102556274,"remaining_time":0.4622498689},
{"learn":[8452.603913],"iteration":569,"passed_time":0.6112165558,"remaining_time":0.4610931912},
{"learn":[8446.781122],"iteration":570,"passed_time":0.6121668834,"remaining_time":0.4599292346},
{"learn":[8433.830122],"iteration":571,"passed_time":0.6131575539,"remaining_time":0.4587962116},
{"learn":[8428.993313],"iteration":572,"passed_time":0.6141183622,"remaining_time":0.4576414322},
{"learn":[8420.98713],"iteration":573,"passed_time":0.6150762504,"remaining_time":0.4564851614},
{"learn":[8404.979403],"iteration":574,"passed_time":0.6160704111,"remaining_time":0.4553563908},
{"learn":[8403.110972],"iteration":575,"passed_time":0.61703874,"remaining_time":0.4542090725},
{"learn":[8397.479898],"iteration":576,"passed_time":0.6179700162,"remaining_time":0.4530352112},
{"learn":[8384.969274],"iteration":577,"passed_time":0.6189261543,"remaining_time":0.451880341},
{"learn":[8376.600752],"iteration":578,"passed_time":0.6198931431,"remaining_time":0.450734047},
{"learn":[8366.199424],"iteration":579,"passed_time":0.6208589818,"remaining_time":0.4495875385},
{"learn":[8357.402722],"iteration":580,"passed_time":0.6218430118,"remaining_time":0.448454771},
{"learn":[8351.206018],"iteration":581,"passed_time":0.6228060803,"remaining_time":0.4473074597},
{"learn":[8333.723892],"iteration":582,"passed_time":0.6237704089,"remaining_time":0.4461616819},
{"learn":[8323.704938],"iteration":583,"passed_time":0.6247318773,"remaining_time":0.445014488},
{"learn":[8312.310422],"iteration":584,"passed_time":0.6256813649,"remaining_time":0.4438594298},
{"learn":[8305.044797],"iteration":585,"passed_time":0.6266542341,"remaining_time":0.442721592},
{"learn":[8301.897084],"iteration":586,"passed_time":0.6276132823,"remaining_time":0.4415745922},
{"learn":[8293.773056],"iteration":587,"passed_time":0.6285833113,"remaining_time":0.4404359256},
{"learn":[8286.088122],"iteration":588,"passed_time":0.6295394394,"remaining_time":0.4392881317},
{"learn":[8276.256505],"iteration":589,"passed_time":0.6305204892,"remaining_time":0.438158306},
{"learn":[8266.973147],"iteration":590,"passed_time":0.6314982587,"remaining_time":0.4370267137},
{"learn":[8248.148963],"iteration":591,"passed_time":0.6324828088,"remaining_time":0.4359003142},
{"learn":[8233.46644],"iteration":592,"passed_time":0.6334405369,"remaining_time":0.434755984},
{"learn":[8217.054623],"iteration":593,"passed_time":0.6344149862,"remaining_time":0.4336237111},
{"learn":[8200.553634],"iteration":594,"passed_time":0.6354048867,"remaining_time":0.4325024859},
{"learn":[8188.326345],"iteration":595,"passed_time":0.6363756357,"remaining_time":0.4313687195},
{"learn":[8184.933083],"iteration":596,"passed_time":0.6373177028,"remaining_time":0.4302161377},
{"learn":[8165.242503],"iteration":597,"passed_time":0.6382855116,"remaining_time":0.4290815647},
{"learn":[8152.12155],"iteration":598,"passed_time":0.6392640812,"remaining_time":0.4279547522},
{"learn":[8138.771615],"iteration":599,"passed_time":0.6402535416,"remaining_time":0.4268356944},
{"learn":[8135.795884],"iteration":600,"passed_time":0.6412356715,"remaining_time":0.4257122012},
{"learn":[8121.023791],"iteration":601,"passed_time":0.6422341625,"remaining_time":0.4245999945},
{"learn":[8117.33928],"iteration":602,"passed_time":0.6431941008,"remaining_time":0.4234627828},
{"learn":[8116.779481],"iteration":603,"passed_time":0.6441577194,"remaining_time":0.422328571},
{"learn":[8102.709967],"iteration":604,"passed_time":0.6451401593,"remaining_time":0.4212072114},
{"learn":[8098.99024],"iteration":605,"passed_time":0.6460954873,"remaining_time":0.4200686831},
{"learn":[8078.310951],"iteration":606,"passed_time":0.6471107995,"remaining_time":0.4189695951},
{"learn":[8068.715677],"iteration":607,"passed_time":0.6481080305,"remaining_time":0.4178591249},
{"learn":[8058.303177],"iteration":608,"passed_time":0.6490875701,"remaining_time":0.4167376682},
{"learn":[8047.327776],"iteration":609,"passed_time":0.6502073598,"remaining_time":0.4157063448},
{"learn":[8039.203553],"iteration":610,"passed_time":0.6511434664,"remaining_time":0.4145577879},
{"learn":[8028.754973],"iteration":611,"passed_time":0.6520998645,"remaining_time":0.4134227899},
{"learn":[8018.699188],"iteration":612,"passed_time":0.6530874047,"remaining_time":0.4123080353},
{"learn":[8010.237301],"iteration":613,"passed_time":0.654047173,"remaining_time":0.4111762358},
{"learn":[7989.012181],"iteration":614,"passed_time":0.6550343532,"remaining_time":0.4100621561},
{"learn":[7975.799572],"iteration":615,"passed_time":0.6560303341,"remaining_time":0.4089539745},
{"learn":[7966.206862],"iteration":616,"passed_time":0.6570248248,"remaining_time":0.4078452316},
{"learn":[7963.532883],"iteration":617,"passed_time":0.6579980641,"remaining_time":0.4067237225},
{"learn":[7942.761585],"iteration":618,"passed_time":0.6590041157,"remaining_time":0.4056228886},
{"learn":[7927.709226],"iteration":619,"passed_time":0.659992166,"remaining_time":0.4045113275},
{"learn":[7919.183031],"iteration":620,"passed_time":0.6609637551,"remaining_time":0.4033901178},
{"learn":[7909.488759],"iteration":621,"passed_time":0.6619251935,"remaining_time":0.4022632205},
{"learn":[7903.320956],"iteration":622,"passed_time":0.662887662,"remaining_time":0.4011374776},
{"learn":[7891.662241],"iteration":623,"passed_time":0.663871452,"remaining_time":0.4000251057},
{"learn":[7886.538997],"iteration":624,"passed_time":0.6648445012,"remaining_time":0.3989067007},
{"learn":[7873.116955],"iteration":625,"passed_time":0.6658162603,"remaining_time":0.3977879894},
{"learn":[7871.219022],"iteration":626,"passed_time":0.6667710483,"remaining_time":0.3966596507},
{"learn":[7863.855154],"iteration":627,"passed_time":0.6677270363,"remaining_time":0.3955325756},
{"learn":[7855.020153],"iteration":628,"passed_time":0.6687044558,"remaining_time":0.3944186854},
{"learn":[7840.130289],"iteration":629,"passed_time":0.6696739848,"remaining_time":0.3933005942},
{"learn":[7836.290564],"iteration":630,"passed_time":0.6706514343,"remaining_time":0.3921876058},
{"learn":[7822.924921],"iteration":631,"passed_time":0.6716235235,"remaining_time":0.3910719251},
{"learn":[7818.987118],"iteration":632,"passed_time":0.6726377256,"remaining_time":0.3899811142},
{"learn":[7817.458646],"iteration":633,"passed_time":0.6735810428,"remaining_time":0.3888496241},
{"learn":[7810.029885],"iteration":634,"passed_time":0.6745731233,"remaining_time":0.3877467559},
{"learn":[7806.236276],"iteration":635,"passed_time":0.6755418623,"remaining_time":0.3866308771},
{"learn":[7796.295766],"iteration":636,"passed_time":0.6765204819,"remaining_time":0.3855210909},
{"learn":[7781.1147],"iteration":637,"passed_time":0.6775140526,"remaining_time":0.3844201991},
{"learn":[7772.359857],"iteration":638,"passed_time":0.6784910021,"remaining_time":0.3833102531},
{"learn":[7760.704016],"iteration":639,"passed_time":0.6794614211,"remaining_time":0.3821970494},
{"learn":[7751.196839],"iteration":640,"passed_time":0.6804306701,"remaining_time":0.3810836358},
{"learn":[7736.023877],"iteration":641,"passed_time":0.6814293611,"remaining_time":0.3799870892},
{"learn":[7723.699305],"iteration":642,"passed_time":0.6824401531,"remaining_time":0.3788975655},
{"learn":[7715.961621],"iteration":643,"passed_time":0.683438034,"remaining_time":0.3778011493},
{"learn":[7704.377935],"iteration":644,"passed_time":0.684407373,"remaining_time":0.3766893293},
{"learn":[7685.460218],"iteration":645,"passed_time":0.6854145947,"remaining_time":0.3755987098},
{"learn":[7676.166234],"iteration":646,"passed_time":0.6863833536,"remaining_time":0.3744873629},
{"learn":[7665.452161],"iteration":647,"passed_time":0.6873374315,"remaining_time":0.3733684813},
{"learn":[7662.578978],"iteration":648,"passed_time":0.6883058404,"remaining_time":0.3722578582},
{"learn":[7647.072236],"iteration":649,"passed_time":0.6892896104,"remaining_time":0.371155944},
{"learn":[7645.11785],"iteration":650,"passed_time":0.6902647297,"remaining_time":0.3700497553},
{"learn":[7635.275105],"iteration":651,"passed_time":0.6912449695,"remaining_time":0.3689467015},
{"learn":[7625.822153],"iteration":652,"passed_time":0.6922165286,"remaining_time":0.3678394111},
{"learn":[7606.919841],"iteration":653,"passed_time":0.6932176198,"remaining_time":0.3667481597},
{"learn":[7605.046272],"iteration":654,"passed_time":0.6941830285,"remaining_time":0.3656383891},
{"learn":[7603.4945],"iteration":655,"passed_time":0.6951627882,"remaining_time":0.3645365841},
{"learn":[7598.91966],"iteration":656,"passed_time":0.6961222865,"remaining_time":0.3634245727},
{"learn":[7593.609299],"iteration":657,"passed_time":0.6970931356,"remaining_time":0.3623189246},
{"learn":[7589.026586],"iteration":658,"passed_time":0.698082876,"remaining_time":0.3612234609},
{"learn":[7580.006469],"iteration":659,"passed_time":0.6991334607,"remaining_time":0.3601596616},
{"learn":[7576.418417],"iteration":660,"passed_time":0.7001315217,"remaining_time":0.359068965},
{"learn":[7572.641494],"iteration":661,"passed_time":0.7011159018,"remaining_time":0.3579715631},
{"learn":[7562.082709],"iteration":662,"passed_time":0.7020691596,"remaining_time":0.3568586829},
{"learn":[7548.880852],"iteration":663,"passed_time":0.7030680907,"remaining_time":0.3557693953},
{"learn":[7540.95411],"iteration":664,"passed_time":0.7040746023,"remaining_time":0.3546841981},
{"learn":[7533.625768],"iteration":665,"passed_time":0.7050598624,"remaining_time":0.3535885796},
{"learn":[7526.099513],"iteration":666,"passed_time":0.7060695642,"remaining_time":0.3525054946},
{"learn":[7515.361916],"iteration":667,"passed_time":0.7070848564,"remaining_time":0.3514254077},
{"learn":[7502.619687],"iteration":668,"passed_time":0.7080550655,"remaining_time":0.3503232088},
{"learn":[7489.771883],"iteration":669,"passed_time":0.7090096634,"remaining_time":0.3492137148},
{"learn":[7481.342022],"iteration":670,"passed_time":0.710002704,"remaining_time":0.3481235315},
{"learn":[7473.351362],"iteration":671,"passed_time":0.7109699928,"remaining_time":0.3470210679},
{"learn":[7462.148065],"iteration":672,"passed_time":0.7119234607,"remaining_time":0.3459122907},
{"learn":[7458.5099],"iteration":673,"passed_time":0.7128733683,"remaining_time":0.3448022523},
{"learn":[7446.14418],"iteration":674,"passed_time":0.7138333366,"remaining_time":0.3436975324},
{"learn":[7437.034214],"iteration":675,"passed_time":0.7148340078,"remaining_time":0.3426127493},
{"learn":[7425.184865],"iteration":676,"passed_time":0.7158265684,"remaining_time":0.341524345},
{"learn":[7416.976795],"iteration":677,"passed_time":0.7167592047,"remaining_time":0.3404077639},
{"learn":[7402.517933],"iteration":678,"passed_time":0.7177498652,"remaining_time":0.3393191557},
{"learn":[7389.467021],"iteration":679,"passed_time":0.7187192142,"remaining_time":0.3382208067},
{"learn":[7381.476176],"iteration":680,"passed_time":0.7196966237,"remaining_time":0.3371266123},
{"learn":[7375.134486],"iteration":681,"passed_time":0.7206870442,"remaining_time":0.3360388271},
{"learn":[7363.491313],"iteration":682,"passed_time":0.7216434122,"remaining_time":0.3349355222},
{"learn":[7358.765626],"iteration":683,"passed_time":0.7225859293,"remaining_time":0.333826248},
{"learn":[7345.082409],"iteration":684,"passed_time":0.7236064819,"remaining_time":0.3327533457},
{"learn":[7336.33329],"iteration":685,"passed_time":0.724577511,"remaining_time":0.3316579278},
{"learn":[7328.542235],"iteration":686,"passed_time":0.7255678614,"remaining_time":0.3305716749},
{"learn":[7318.325938],"iteration":687,"passed_time":0.7264998577,"remaining_time":0.3294592378},
{"learn":[7306.766447],"iteration":688,"passed_time":0.7274663065,"remaining_time":0.3283628756},
{"learn":[7300.055484],"iteration":689,"passed_time":0.728470888,"remaining_time":0.3272840221},
{"learn":[7293.592811],"iteration":690,"passed_time":0.7294651487,"remaining_time":0.3262007684},
{"learn":[7284.266221],"iteration":691,"passed_time":0.7304776607,"remaining_time":0.3251258952},
{"learn":[7283.650296],"iteration":692,"passed_time":0.7314527801,"remaining_time":0.3240346371},
{"learn":[7275.532346],"iteration":693,"passed_time":0.7323968473,"remaining_time":0.322930022},
{"learn":[7267.112404],"iteration":694,"passed_time":0.733376507,"remaining_time":0.3218414887},
{"learn":[7262.21166],"iteration":695,"passed_time":0.7343496462,"remaining_time":0.3207504202},
{"learn":[7250.81009],"iteration":696,"passed_time":0.7353425569,"remaining_time":0.3196682851},
{"learn":[7238.28499],"iteration":697,"passed_time":0.7363039653,"remaining_time":0.3185727758},
{"learn":[7235.059577],"iteration":698,"passed_time":0.7372691439,"remaining_time":0.3174792737},
{"learn":[7225.952958],"iteration":699,"passed_time":0.7382652048,"remaining_time":0.3163993735},
{"learn":[7225.451824],"iteration":700,"passed_time":0.7392272232,"remaining_time":0.3153051922},
{"learn":[7224.963274],"iteration":701,"passed_time":0.7401853014,"remaining_time":0.3142097148},
{"learn":[7215.084836],"iteration":702,"passed_time":0.7411813123,"remaining_time":0.313130654},
{"learn":[7210.097477],"iteration":703,"passed_time":0.7421815534,"remaining_time":0.3120536077},
{"learn":[7205.563354],"iteration":704,"passed_time":0.743173224,"remaining_time":0.310973193},
{"learn":[7200.953598],"iteration":705,"passed_time":0.7441396827,"remaining_time":0.3098825308},
{"learn":[7190.999516],"iteration":706,"passed_time":0.7450947507,"remaining_time":0.3087874992},
{"learn":[7181.080249],"iteration":707,"passed_time":0.7460894215,"remaining_time":0.3077091964},
{"learn":[7172.67313],"iteration":708,"passed_time":0.7470489697,"remaining_time":0.306616714},
{"learn":[7162.446349],"iteration":709,"passed_time":0.7480236991,"remaining_time":0.3055308067},
{"learn":[7149.320827],"iteration":710,"passed_time":0.7491600899,"remaining_time":0.3045109226},
{"learn":[7135.599183],"iteration":711,"passed_time":0.7501531206,"remaining_time":0.3034327229},
{"learn":[7134.232604],"iteration":712,"passed_time":0.7511239596,"remaining_time":0.3023458295},
{"learn":[7123.769787],"iteration":713,"passed_time":0.7520906784,"remaining_time":0.3012576107},
{"learn":[7120.127413],"iteration":714,"passed_time":0.7530637877,"remaining_time":0.300172279},
{"learn":[7103.879661],"iteration":715,"passed_time":0.754037867,"remaining_time":0.2990876456},
{"learn":[7103.254668],"iteration":716,"passed_time":0.7549730935,"remaining_time":0.2979879853},
{"learn":[7089.126444],"iteration":717,"passed_time":0.7559455027,"remaining_time":0.2969033868},
{"learn":[7086.316639],"iteration":718,"passed_time":0.7569246323,"remaining_time":0.295821727},
{"learn":[7078.03841],"iteration":719,"passed_time":0.7579023819,"remaining_time":0.2947398152},
{"learn":[7070.410153],"iteration":720,"passed_time":0.758873941,"remaining_time":0.2936557969},
{"learn":[7061.224536],"iteration":721,"passed_time":0.7598437,"remaining_time":0.292571397},
{"learn":[7050.385972],"iteration":722,"passed_time":0.7608319003,"remaining_time":0.2914943795},
{"learn":[7041.36105],"iteration":723,"passed_time":0.7618459425,"remaining_time":0.2904274587},
{"learn":[7038.460584],"iteration":724,"passed_time":0.7628191317,"remaining_time":0.2893451879},
{"learn":[7031.86548],"iteration":725,"passed_time":0.7637816902,"remaining_time":0.2882592054},
{"learn":[7030.717414],"iteration":726,"passed_time":0.7647744008,"remaining_time":0.287184885},
{"learn":[7029.754404],"iteration":727,"passed_time":0.7657204881,"remaining_time":0.2860933692},
{"learn":[7017.776883],"iteration":728,"passed_time":0.766702258,"remaining_time":0.285015517},
{"learn":[7008.066997],"iteration":729,"passed_time":0.7677072395,"remaining_time":0.2839465132},
{"learn":[7003.662748],"iteration":730,"passed_time":0.7686734682,"remaining_time":0.282863424},
{"learn":[6993.062019],"iteration":731,"passed_time":0.7696579183,"remaining_time":0.2817873253},
{"learn":[6975.256537],"iteration":732,"passed_time":0.7706433884,"remaining_time":0.2807118482},
{"learn":[6967.727331],"iteration":733,"passed_time":0.7716151075,"remaining_time":0.279631633},
{"learn":[6961.617149],"iteration":734,"passed_time":0.7725890568,"remaining_time":0.2785525171},
{"learn":[6949.599516],"iteration":735,"passed_time":0.7735978986,"remaining_time":0.2774862028},
{"learn":[6944.924841],"iteration":736,"passed_time":0.7745386555,"remaining_time":0.2763957482},
{"learn":[6938.288578],"iteration":737,"passed_time":0.775515815,"remaining_time":0.2753186227},
{"learn":[6930.4597],"iteration":738,"passed_time":0.7764955547,"remaining_time":0.274242679},
{"learn":[6916.466194],"iteration":739,"passed_time":0.7774874153,"remaining_time":0.273171254},
{"learn":[6907.960676],"iteration":740,"passed_time":0.7784477336,"remaining_time":0.2720890189},
{"learn":[6895.946052],"iteration":741,"passed_time":0.7793898307,"remaining_time":0.2710007767},
{"learn":[6881.681196],"iteration":742,"passed_time":0.7803908519,"remaining_time":0.2699333095},
{"learn":[6881.065815],"iteration":743,"passed_time":0.7813329189,"remaining_time":0.2688457355},
{"learn":[6879.845662],"iteration":744,"passed_time":0.7823090684,"remaining_time":0.267770218},
{"learn":[6874.953577],"iteration":745,"passed_time":0.7832847478,"remaining_time":0.2666948069},
{"learn":[6865.875314],"iteration":746,"passed_time":0.784243146,"remaining_time":0.2656138098},
{"learn":[6860.650215],"iteration":747,"passed_time":0.7852648786,"remaining_time":0.2645544778},
{"learn":[6856.650417],"iteration":748,"passed_time":0.7862376779,"remaining_time":0.263478848},
{"learn":[6844.50288],"iteration":749,"passed_time":0.7872850024,"remaining_time":0.2624283341},
{"learn":[6834.453862],"iteration":750,"passed_time":0.7882526812,"remaining_time":0.2613514216},
{"learn":[6829.849687],"iteration":751,"passed_time":0.7892436717,"remaining_time":0.2602824875},
{"learn":[6823.13673],"iteration":752,"passed_time":0.7901942994,"remaining_time":0.2592005205},
{"learn":[6815.34811],"iteration":753,"passed_time":0.791159278,"remaining_time":0.2581235841},
{"learn":[6810.088775],"iteration":754,"passed_time":0.7921316272,"remaining_time":0.257049336},
{"learn":[6807.064901],"iteration":755,"passed_time":0.7930827549,"remaining_time":0.2559685082},
{"learn":[6796.622189],"iteration":756,"passed_time":0.7940179414,"remaining_time":0.2548829059},
{"learn":[6789.04526],"iteration":757,"passed_time":0.7950073818,"remaining_time":0.2538150216},
{"learn":[6781.524922],"iteration":758,"passed_time":0.796022854,"remaining_time":0.2527556098},
{"learn":[6775.378893],"iteration":759,"passed_time":0.7970211451,"remaining_time":0.2516908879},
{"learn":[6760.311512],"iteration":760,"passed_time":0.7981623363,"remaining_time":0.2506712199},
{"learn":[6749.859778],"iteration":761,"passed_time":0.7991455662,"remaining_time":0.249601896},
{"learn":[6736.854519],"iteration":762,"passed_time":0.8001281461,"remaining_time":0.2485325958},
{"learn":[6725.377456],"iteration":763,"passed_time":0.8011311975,"remaining_time":0.2474698463},
{"learn":[6721.811649],"iteration":764,"passed_time":0.8021002064,"remaining_time":0.2463967954},
{"learn":[6713.675402],"iteration":765,"passed_time":0.8031028778,"remaining_time":0.2453342995},
{"learn":[6703.598805],"iteration":766,"passed_time":0.8040630261,"remaining_time":0.2442590418},
{"learn":[6693.129354],"iteration":767,"passed_time":0.8050546266,"remaining_time":0.2431935851},
{"learn":[6691.104942],"iteration":768,"passed_time":0.8060075844,"remaining_time":0.2421167126},
{"learn":[6683.637612],"iteration":769,"passed_time":0.8069756133,"remaining_time":0.2410446637},
{"learn":[6673.36979],"iteration":770,"passed_time":0.8079369817,"remaining_time":0.2399709064},
{"learn":[6660.881811],"iteration":771,"passed_time":0.8089085408,"remaining_time":0.2389004499},
{"learn":[6649.039457],"iteration":772,"passed_time":0.8099284134,"remaining_time":0.237844437},
{"learn":[6640.622585],"iteration":773,"passed_time":0.8109104432,"remaining_time":0.2367774679},
{"learn":[6631.036447],"iteration":774,"passed_time":0.8118728317,"remaining_time":0.2357050157},
{"learn":[6623.646128],"iteration":775,"passed_time":0.8128595319,"remaining_time":0.2346398649},
{"learn":[6615.324668],"iteration":776,"passed_time":0.8138696638,"remaining_time":0.233581641},
{"learn":[6604.575669],"iteration":777,"passed_time":0.8148617844,"remaining_time":0.2325184012},
{"learn":[6597.613488],"iteration":778,"passed_time":0.8158556951,"remaining_time":0.2314558519},
{"learn":[6586.304059],"iteration":779,"passed_time":0.8168178735,"remaining_time":0.2303845284},
{"learn":[6579.064571],"iteration":780,"passed_time":0.8178026736,"remaining_time":0.2293198278},
{"learn":[6568.967876],"iteration":781,"passed_time":0.818806605,"remaining_time":0.2282606648},
{"learn":[6553.467654],"iteration":782,"passed_time":0.8197987056,"remaining_time":0.2271983641},
{"learn":[6544.389297],"iteration":783,"passed_time":0.8207907962,"remaining_time":0.2261362398},
{"learn":[6529.834469],"iteration":784,"passed_time":0.8217759163,"remaining_time":0.2250723847},
{"learn":[6518.769282],"iteration":785,"passed_time":0.8227749173,"remaining_time":0.2240125093},
{"learn":[6508.91483],"iteration":786,"passed_time":0.8237636777,"remaining_time":0.222950017},
{"learn":[6506.180638],"iteration":787,"passed_time":0.8247349068,"remaining_time":0.2218829952},
{"learn":[6497.504189],"iteration":788,"passed_time":0.8257246272,"remaining_time":0.2208211614},
{"learn":[6488.517381],"iteration":789,"passed_time":0.826705227,"remaining_time":0.2197570857},
{"learn":[6478.938458],"iteration":790,"passed_time":0.8276811464,"remaining_time":0.2186919843},
{"learn":[6471.926023],"iteration":791,"passed_time":0.8286691367,"remaining_time":0.2176302783},
{"learn":[6463.914755],"iteration":792,"passed_time":0.8296223545,"remaining_time":0.2165596814},
{"learn":[6455.534605],"iteration":793,"passed_time":0.8306038343,"remaining_time":0.2154967127},
{"learn":[6454.598458],"iteration":794,"passed_time":0.8315899545,"remaining_time":0.2144351455},
{"learn":[6447.172407],"iteration":795,"passed_time":0.8325441224,"remaining_time":0.2133655791},
{"learn":[6436.845247],"iteration":796,"passed_time":0.8334854094,"remaining_time":0.2122930215},
{"learn":[6431.995417],"iteration":797,"passed_time":0.8344383972,"remaining_time":0.2112237547},
{"learn":[6421.842884],"iteration":798,"passed_time":0.8354402184,"remaining_time":0.2101670637},
{"learn":[6415.581221],"iteration":799,"passed_time":0.8364057771,"remaining_time":0.2091014443},
{"learn":[6403.307639],"iteration":800,"passed_time":0.8374068784,"remaining_time":0.2080449049},
{"learn":[6398.88169],"iteration":801,"passed_time":0.8383766974,"remaining_time":0.2069807806},
{"learn":[6395.852796],"iteration":802,"passed_time":0.8393327254,"remaining_time":0.205913508},
{"learn":[6389.270031],"iteration":803,"passed_time":0.8403039245,"remaining_time":0.2048502104},
{"learn":[6379.77983],"iteration":804,"passed_time":0.8412642528,"remaining_time":0.2037845084},
{"learn":[6369.953029],"iteration":805,"passed_time":0.8422503329,"remaining_time":0.2027252662},
{"learn":[6365.451634],"iteration":806,"passed_time":0.8432305427,"remaining_time":0.2016648014},
{"learn":[6359.269854],"iteration":807,"passed_time":0.8442364443,"remaining_time":0.2006106402},
{"learn":[6354.14424],"iteration":808,"passed_time":0.8452231545,"remaining_time":0.1995520674},
{"learn":[6347.527169],"iteration":809,"passed_time":0.8461965337,"remaining_time":0.1984905449},
{"learn":[6339.467283],"iteration":810,"passed_time":0.8471593922,"remaining_time":0.1974267881},
{"learn":[6328.076221],"iteration":811,"passed_time":0.8481919757,"remaining_time":0.1963794229},
{"learn":[6326.335409],"iteration":812,"passed_time":0.8491651249,"remaining_time":0.1953184236},
{"learn":[6317.997879],"iteration":813,"passed_time":0.850149795,"remaining_time":0.1942602726},
{"learn":[6304.402075],"iteration":814,"passed_time":0.8511160337,"remaining_time":0.1931981181},
{"learn":[6293.774518],"iteration":815,"passed_time":0.8520875428,"remaining_time":0.1921373871},
{"learn":[6285.565119],"iteration":816,"passed_time":0.8530801134,"remaining_time":0.1910815921},
{"learn":[6278.697079],"iteration":817,"passed_time":0.8540548528,"remaining_time":0.1900219844},
{"learn":[6275.027942],"iteration":818,"passed_time":0.8550496536,"remaining_time":0.1889670175},
{"learn":[6265.071638],"iteration":819,"passed_time":0.8559984511,"remaining_time":0.187902099},
{"learn":[6258.075233],"iteration":820,"passed_time":0.8569717503,"remaining_time":0.1868428055},
{"learn":[6251.827723],"iteration":821,"passed_time":0.8579833023,"remaining_time":0.1857920046},
{"learn":[6245.936333],"iteration":822,"passed_time":0.8589932241,"remaining_time":0.1847409486},
{"learn":[6236.617096],"iteration":823,"passed_time":0.8599698536,"remaining_time":0.1836828814},
{"learn":[6226.061584],"iteration":824,"passed_time":0.8609624142,"remaining_time":0.1826283909},
{"learn":[6215.445868],"iteration":825,"passed_time":0.861942744,"remaining_time":0.1815714739},
{"learn":[6210.778614],"iteration":826,"passed_time":0.8629337245,"remaining_time":0.1805169702},
{"learn":[6209.355569],"iteration":827,"passed_time":0.8638897225,"remaining_time":0.179455353},
{"learn":[6205.943738],"iteration":828,"passed_time":0.8648408002,"remaining_time":0.1783929757},
{"learn":[6203.983762],"iteration":829,"passed_time":0.8658055388,"remaining_time":0.1773336646},
{"learn":[6196.231221],"iteration":830,"passed_time":0.8667830484,"remaining_time":0.1762771783},
{"learn":[6191.826162],"iteration":831,"passed_time":0.867719835,"remaining_time":0.175212659},
{"learn":[6183.744797],"iteration":832,"passed_time":0.8686867738,"remaining_time":0.1741544913},
{"learn":[6172.231145],"iteration":833,"passed_time":0.869672844,"remaining_time":0.1731003502},
{"learn":[6168.305311],"iteration":834,"passed_time":0.8706766154,"remaining_time":0.1720498701},
{"learn":[6159.741276],"iteration":835,"passed_time":0.8716374037,"remaining_time":0.1709910696},
{"learn":[6153.546408],"iteration":836,"passed_time":0.8726061226,"remaining_time":0.1699340478},
{"learn":[6146.837765],"iteration":837,"passed_time":0.8736135243,"remaining_time":0.1688847147},
{"learn":[6139.066443],"iteration":838,"passed_time":0.8745946041,"remaining_time":0.1678304306},
{"learn":[6127.873447],"iteration":839,"passed_time":0.8755812543,"remaining_time":0.1667773818},
{"learn":[6123.69825],"iteration":840,"passed_time":0.8765687946,"remaining_time":0.1657246591},
{"learn":[6117.598494],"iteration":841,"passed_time":0.8775606951,"remaining_time":0.1646729095},
{"learn":[6113.787022],"iteration":842,"passed_time":0.8785210935,"remaining_time":0.163615435},
{"learn":[6108.515861],"iteration":843,"passed_time":0.879470581,"remaining_time":0.1625561737},
{"learn":[6103.656173],"iteration":844,"passed_time":0.8804464605,"remaining_time":0.1615020135},
{"learn":[6098.919722],"iteration":845,"passed_time":0.8814497118,"remaining_time":0.1604530208},
{"learn":[6095.022431],"iteration":846,"passed_time":0.8824397823,"remaining_time":0.1594017552},
{"learn":[6086.305075],"iteration":847,"passed_time":0.883448444,"remaining_time":0.1583539664},
{"learn":[6082.859232],"iteration":848,"passed_time":0.8844220533,"remaining_time":0.1573000354},
{"learn":[6075.187796],"iteration":849,"passed_time":0.8854371355,"remaining_time":0.1562536122},
{"learn":[6066.79376],"iteration":850,"passed_time":0.8864344565,"remaining_time":0.1552041528},
{"learn":[6059.019504],"iteration":851,"passed_time":0.8874181665,"remaining_time":0.1541524515},
{"learn":[6053.937839],"iteration":852,"passed_time":0.8883856053,"remaining_time":0.1530981055},
{"learn":[6045.666217],"iteration":853,"passed_time":0.8893841963,"remaining_time":0.1520492888},
{"learn":[6036.039312],"iteration":854,"passed_time":0.8903782471,"remaining_time":0.1509998197},
{"learn":[6025.909199],"iteration":855,"passed_time":0.8913355752,"remaining_time":0.1499443024},
{"learn":[6024.049273],"iteration":856,"passed_time":0.8923057542,"remaining_time":0.1488911585},
{"learn":[6016.176023],"iteration":857,"passed_time":0.8932963147,"remaining_time":0.1478415812},
{"learn":[6015.279234],"iteration":858,"passed_time":0.8942317512,"remaining_time":0.146783093},
{"learn":[6007.982984],"iteration":859,"passed_time":0.8952134911,"remaining_time":0.1457324288},
{"learn":[6003.014519],"iteration":860,"passed_time":0.8962501348,"remaining_time":0.1446907883},
{"learn":[5995.932091],"iteration":861,"passed_time":0.8974063171,"remaining_time":0.1436682967},
{"learn":[5990.517396],"iteration":862,"passed_time":0.8983981077,"remaining_time":0.1426193983},
{"learn":[5982.176739],"iteration":863,"passed_time":0.8993562058,"remaining_time":0.1415653287},
{"learn":[5977.840026],"iteration":864,"passed_time":0.9002990229,"remaining_time":0.1405090961},
{"learn":[5967.929928],"iteration":865,"passed_time":0.9012835829,"remaining_time":0.1394595844},
{"learn":[5957.30528],"iteration":866,"passed_time":0.9022920547,"remaining_time":0.1384138907},
{"learn":[5945.764452],"iteration":867,"passed_time":0.9033137574,"remaining_time":0.1373702949},
{"learn":[5935.76515],"iteration":868,"passed_time":0.904291627,"remaining_time":0.1363201417},
{"learn":[5930.48561],"iteration":869,"passed_time":0.9052413145,"remaining_time":0.1352659435},
{"learn":[5926.636791],"iteration":870,"passed_time":0.9061966025,"remaining_time":0.1342128148},
{"learn":[5920.934394],"iteration":871,"passed_time":0.9071534306,"remaining_time":0.1331601366},
{"learn":[5909.833185],"iteration":872,"passed_time":0.9081376406,"remaining_time":0.1321116613},
{"learn":[5901.180515],"iteration":873,"passed_time":0.9091353216,"remaining_time":0.1310652752},
{"learn":[5895.068648],"iteration":874,"passed_time":0.910124772,"remaining_time":0.1300178246},
{"learn":[5889.726968],"iteration":875,"passed_time":0.9110829601,"remaining_time":0.1289660811},
{"learn":[5884.509203],"iteration":876,"passed_time":0.9120608797,"remaining_time":0.1279173184},
{"learn":[5878.005523],"iteration":877,"passed_time":0.9130121474,"remaining_time":0.1268650136},
{"learn":[5870.514741],"iteration":878,"passed_time":0.9139892069,"remaining_time":0.1258164892},
{"learn":[5863.094902],"iteration":879,"passed_time":0.9149672065,"remaining_time":0.1247682554},
{"learn":[5851.80547],"iteration":880,"passed_time":0.9159323751,"remaining_time":0.1237184479},
{"learn":[5847.498455],"iteration":881,"passed_time":0.9169092747,"remaining_time":0.1226704018},
{"learn":[5844.092335],"iteration":882,"passed_time":0.9178740433,"remaining_time":0.1216209095},
{"learn":[5832.714327],"iteration":883,"passed_time":0.9188628136,"remaining_time":0.1205747584},
{"learn":[5828.945855],"iteration":884,"passed_time":0.9198685852,"remaining_time":0.1195309461},
{"learn":[5819.690662],"iteration":885,"passed_time":0.9208648061,"remaining_time":0.1184859908},
{"learn":[5816.638968],"iteration":886,"passed_time":0.9218601269,"remaining_time":0.1174410308},
{"learn":[5807.625197],"iteration":887,"passed_time":0.9228416567,"remaining_time":0.1163944432},
{"learn":[5796.730398],"iteration":888,"passed_time":0.9238161861,"remaining_time":0.1153471278},
{"learn":[5788.483139],"iteration":889,"passed_time":0.9247813347,"remaining_time":0.1142988167},
{"learn":[5786.396478],"iteration":890,"passed_time":0.925769025,"remaining_time":0.1132534497},
{"learn":[5783.044041],"iteration":891,"passed_time":0.9267517449,"remaining_time":0.1122076104},
{"learn":[5777.862577],"iteration":892,"passed_time":0.9277317546,"remaining_time":0.1111615876},
{"learn":[5771.97889],"iteration":893,"passed_time":0.9286689013,"remaining_time":0.1101106304},
{"learn":[5765.960981],"iteration":894,"passed_time":0.9296457108,"remaining_time":0.1090645806},
{"learn":[5759.760448],"iteration":895,"passed_time":0.9306222303,"remaining_time":0.1080186517},
{"learn":[5754.68366],"iteration":896,"passed_time":0.9315978297,"remaining_time":0.106972772},
{"learn":[5749.478151],"iteration":897,"passed_time":0.9325754192,"remaining_time":0.1059272748},
{"learn":[5749.049317],"iteration":898,"passed_time":0.9335486285,"remaining_time":0.1048814366},
{"learn":[5743.238472],"iteration":899,"passed_time":0.9345137471,"remaining_time":0.1038348608},
{"learn":[5736.622669],"iteration":900,"passed_time":0.9354808059,"remaining_time":0.102788679},
{"learn":[5730.418225],"iteration":901,"passed_time":0.9364757767,"remaining_time":0.1017457052},
{"learn":[5718.932783],"iteration":902,"passed_time":0.9374731877,"remaining_time":0.1007030999},
{"learn":[5712.088053],"iteration":903,"passed_time":0.9384299358,"remaining_time":0.09965627636},
{"learn":[5704.101279],"iteration":904,"passed_time":0.9394270267,"remaining_time":0.09861388678},
{"learn":[5703.73987],"iteration":905,"passed_time":0.9403746141,"remaining_time":0.09756646107},
{"learn":[5696.509579],"iteration":906,"passed_time":0.9413700649,"remaining_time":0.09652416322},
{"learn":[5688.088572],"iteration":907,"passed_time":0.9423629856,"remaining_time":0.0954817122},
{"learn":[5684.606258],"iteration":908,"passed_time":0.9433319345,"remaining_time":0.09443697034},
{"learn":[5678.730309],"iteration":909,"passed_time":0.9443171046,"remaining_time":0.09339399936},
{"learn":[5676.808988],"iteration":910,"passed_time":0.9453006846,"remaining_time":0.09235099992},
{"learn":[5673.113657],"iteration":911,"passed_time":0.9463868319,"remaining_time":0.09131802764},
{"learn":[5670.551645],"iteration":912,"passed_time":0.9473223584,"remaining_time":0.09027058618},
{"learn":[5666.056554],"iteration":913,"passed_time":0.9482985479,"remaining_time":0.08922721566},
{"learn":[5656.521178],"iteration":914,"passed_time":0.9492754074,"remaining_time":0.08818405424},
{"learn":[5639.921494],"iteration":915,"passed_time":0.9502504968,"remaining_time":0.08714087525},
{"learn":[5633.05597],"iteration":916,"passed_time":0.951209855,"remaining_time":0.0860964209},
{"learn":[5630.772789],"iteration":917,"passed_time":0.9521812041,"remaining_time":0.08505322303},
{"learn":[5622.306912],"iteration":918,"passed_time":0.9531484529,"remaining_time":0.08400982012},
{"learn":[5620.155042],"iteration":919,"passed_time":0.9541072011,"remaining_time":0.08296584358},
{"learn":[5616.732628],"iteration":920,"passed_time":0.9550830906,"remaining_time":0.08192352243},
{"learn":[5610.310087],"iteration":921,"passed_time":0.956087332,"remaining_time":0.08088374392},
{"learn":[5602.578096],"iteration":922,"passed_time":0.9570389797,"remaining_time":0.07983965486},
{"learn":[5598.656944],"iteration":923,"passed_time":0.9580212596,"remaining_time":0.07879828542},
{"learn":[5590.636939],"iteration":924,"passed_time":0.9590212408,"remaining_time":0.07775847898},
{"learn":[5588.242058],"iteration":925,"passed_time":0.9600017205,"remaining_time":0.07671720013},
{"learn":[5583.2182],"iteration":926,"passed_time":0.9609796401,"remaining_time":0.07567585084},
{"learn":[5582.704491],"iteration":927,"passed_time":0.9619353481,"remaining_time":0.07463291494},
{"learn":[5581.777729],"iteration":928,"passed_time":0.962875465,"remaining_time":0.07358897526},
{"learn":[5573.601218],"iteration":929,"passed_time":0.9638534946,"remaining_time":0.07254811249},
{"learn":[5560.998724],"iteration":930,"passed_time":0.9648459752,"remaining_time":0.07150845573},
{"learn":[5551.046569],"iteration":931,"passed_time":0.9658396759,"remaining_time":0.07046898923},
{"learn":[5540.471254],"iteration":932,"passed_time":0.9668145052,"remaining_time":0.06942826565},
{"learn":[5532.231449],"iteration":933,"passed_time":0.9677978552,"remaining_time":0.06838828527},
{"learn":[5529.739144],"iteration":934,"passed_time":0.9687565134,"remaining_time":0.06734670949},
{"learn":[5527.909301],"iteration":935,"passed_time":0.9697112113,"remaining_time":0.06630504009},
{"learn":[5522.298943],"iteration":936,"passed_time":0.9706658092,"remaining_time":0.06526354961},
{"learn":[5520.462291],"iteration":937,"passed_time":0.9716030959,"remaining_time":0.06422110016},
{"learn":[5515.649277],"iteration":938,"passed_time":0.9725867759,"remaining_time":0.06318188853},
{"learn":[5509.527764],"iteration":939,"passed_time":0.9735745762,"remaining_time":0.06214305805},
{"learn":[5499.591507],"iteration":940,"passed_time":0.9745376247,"remaining_time":0.06110278412},
{"learn":[5495.009403],"iteration":941,"passed_time":0.9755001332,"remaining_time":0.0600626409},
{"learn":[5490.052417],"iteration":942,"passed_time":0.9764759626,"remaining_time":0.05902346752},
{"learn":[5483.485628],"iteration":943,"passed_time":0.977465743,"remaining_time":0.05798525594},
{"learn":[5482.812515],"iteration":944,"passed_time":0.9784256313,"remaining_time":0.05694540711},
{"learn":[5474.127459],"iteration":945,"passed_time":0.9793928601,"remaining_time":0.05590614635},
{"learn":[5471.04329],"iteration":946,"passed_time":0.9803507783,"remaining_time":0.05486651663},
{"learn":[5460.923829],"iteration":947,"passed_time":0.9813573699,"remaining_time":0.05382972915},
{"learn":[5460.594025],"iteration":948,"passed_time":0.9823303591,"remaining_time":0.05279119949},
{"learn":[5454.845974],"iteration":949,"passed_time":0.9833341705,"remaining_time":0.05175443003},
{"learn":[5450.805775],"iteration":950,"passed_time":0.9843002093,"remaining_time":0.05071578365},
{"learn":[5442.559774],"iteration":951,"passed_time":0.9852884496,"remaining_time":0.04967840922},
{"learn":[5433.361789],"iteration":952,"passed_time":0.98627789,"remaining_time":0.04864119709},
{"learn":[5429.684007],"iteration":953,"passed_time":0.9872291576,"remaining_time":0.0476022445},
{"learn":[5423.192337],"iteration":954,"passed_time":0.9882310889,"remaining_time":0.04656586283},
{"learn":[5417.353624],"iteration":955,"passed_time":0.9891958976,"remaining_time":0.04552784466},
{"learn":[5414.984553],"iteration":956,"passed_time":0.9901776474,"remaining_time":0.04449074069},
{"learn":[5406.076204],"iteration":957,"passed_time":0.991127195,"remaining_time":0.04345234049},
{"learn":[5403.521844],"iteration":958,"passed_time":0.9920765325,"remaining_time":0.04241411661},
{"learn":[5400.541303],"iteration":959,"passed_time":0.9930434813,"remaining_time":0.04137681172},
{"learn":[5393.642191],"iteration":960,"passed_time":0.994050413,"remaining_time":0.04034127586},
{"learn":[5392.235778],"iteration":961,"passed_time":0.9950413435,"remaining_time":0.03930516741},
{"learn":[5380.04291],"iteration":962,"passed_time":0.9961952255,"remaining_time":0.03827541365},
{"learn":[5378.425592],"iteration":963,"passed_time":0.9971445731,"remaining_time":0.03723776414},
{"learn":[5368.632827],"iteration":964,"passed_time":0.9981303532,"remaining_time":0.03620161903},
{"learn":[5368.255125],"iteration":965,"passed_time":0.9990749204,"remaining_time":0.03516412763},
{"learn":[5362.852327],"iteration":966,"passed_time":1.000038699,"remaining_time":0.03412748404},
{"learn":[5354.648739],"iteration":967,"passed_time":1.001019369,"remaining_time":0.03309154938},
{"learn":[5347.093351],"iteration":968,"passed_time":1.001984927,"remaining_time":0.03205524536},
{"learn":[5339.652465],"iteration":969,"passed_time":1.002959197,"remaining_time":0.0310193566},
{"learn":[5336.24886],"iteration":970,"passed_time":1.003963288,"remaining_time":0.02998448544},
{"learn":[5332.824787],"iteration":971,"passed_time":1.004959959,"remaining_time":0.02894946384},
{"learn":[5326.535316],"iteration":972,"passed_time":1.00595086,"remaining_time":0.02791436096},
{"learn":[5320.677895],"iteration":973,"passed_time":1.006923059,"remaining_time":0.02687884962},
{"learn":[5316.984274],"iteration":974,"passed_time":1.007944181,"remaining_time":0.0258447226},
{"learn":[5312.682377],"iteration":975,"passed_time":1.008975865,"remaining_time":0.02481088192},
{"learn":[5304.868227],"iteration":976,"passed_time":1.009969376,"remaining_time":0.02377614702},
{"learn":[5296.733702],"iteration":977,"passed_time":1.010950055,"remaining_time":0.02274120779},
{"learn":[5289.896185],"iteration":978,"passed_time":1.011921354,"remaining_time":0.02170617818},
{"learn":[5281.409537],"iteration":979,"passed_time":1.012886133,"remaining_time":0.02067114557},
{"learn":[5280.884569],"iteration":980,"passed_time":1.01382418,"remaining_time":0.01963573845},
{"learn":[5271.965132],"iteration":981,"passed_time":1.014832071,"remaining_time":0.01860180986},
{"learn":[5269.897442],"iteration":982,"passed_time":1.015825512,"remaining_time":0.01756768434},
{"learn":[5261.485117],"iteration":983,"passed_time":1.016821193,"remaining_time":0.01653367794},
{"learn":[5255.678591],"iteration":984,"passed_time":1.017798673,"remaining_time":0.01549947217},
{"learn":[5246.585454],"iteration":985,"passed_time":1.018758701,"remaining_time":0.01446513368},
{"learn":[5236.800921],"iteration":986,"passed_time":1.019756312,"remaining_time":0.01343144078},
{"learn":[5234.630013],"iteration":987,"passed_time":1.020736872,"remaining_time":0.01239761383},
{"learn":[5228.909123],"iteration":988,"passed_time":1.021725422,"remaining_time":0.01136398346},
{"learn":[5223.236392],"iteration":989,"passed_time":1.022692891,"remaining_time":0.01033023122},
{"learn":[5213.741762],"iteration":990,"passed_time":1.02366375,"remaining_time":0.00929664354},
{"learn":[5204.62943],"iteration":991,"passed_time":1.02464585,"remaining_time":0.008263272981},
{"learn":[5200.419332],"iteration":992,"passed_time":1.02563662,"remaining_time":0.007230066809},
{"learn":[5193.042655],"iteration":993,"passed_time":1.02661383,"remaining_time":0.006196864163},
{"learn":[5183.611547],"iteration":994,"passed_time":1.027594369,"remaining_time":0.005163790801},
{"learn":[5175.073278],"iteration":995,"passed_time":1.028557388,"remaining_time":0.004130752562},
{"learn":[5168.543054],"iteration":996,"passed_time":1.029517756,"remaining_time":0.003097846809},
{"learn":[5161.349676],"iteration":997,"passed_time":1.030546189,"remaining_time":0.002065222825},
{"learn":[5150.877729],"iteration":998,"passed_time":1.031549721,"remaining_time":0.001032582303},
{"learn":[5144.322215],"iteration":999,"passed_time":1.032503219,"remaining_time":0}
]}