{
"meta":{"test_sets":[],"test_metrics":[],"learn_metrics":[{"best_value":"Min","name":"Logloss"}],"launch_mode":"Train","parameters":"","iteration_count":300,"learn_sets":["learn"],"name":"experiment"},
"iterations":[
{"learn":[0.6606572193],"iteration":0,"passed_time":0.004014924425,"remaining_time":1.200462403},
{"learn":[0.6275363576],"iteration":1,"passed_time":0.006550789323,"remaining_time":0.9760676091},
{"learn":[0.6037090134],"iteration":2,"passed_time":0.008420363444,"remaining_time":0.8336159809},
{"learn":[0.5807942337],"iteration":3,"passed_time":0.01029878744,"remaining_time":0.7621102707},
{"learn":[0.5643027505],"iteration":4,"passed_time":0.01227112014,"remaining_time":0.7239960883},
{"learn":[0.5496927258],"iteration":5,"passed_time":0.01416895387,"remaining_time":0.6942787397},
{"learn":[0.5364638524],"iteration":6,"passed_time":0.01611308696,"remaining_time":0.6744477827},
{"learn":[0.5245867805],"iteration":7,"passed_time":0.01805962002,"remaining_time":0.6591761306},
{"learn":[0.5115773687],"iteration":8,"passed_time":0.01993656403,"remaining_time":0.6446155704},
{"learn":[0.5017874133],"iteration":9,"passed_time":0.02185104753,"remaining_time":0.6336803785},
{"learn":[0.4929358168],"iteration":10,"passed_time":0.02387334954,"remaining_time":0.6272180016},
{"learn":[0.4854307932],"iteration":11,"passed_time":0.02582582251,"remaining_time":0.6198197403},
{"learn":[0.4783035531],"iteration":12,"passed_time":0.02776587566,"remaining_time":0.6129851011},
{"learn":[0.4734324527],"iteration":13,"passed_time":0.02977341787,"remaining_time":0.6082283936},
{"learn":[0.4690018789],"iteration":14,"passed_time":0.031714891,"remaining_time":0.6025829289},
{"learn":[0.4633509507],"iteration":15,"passed_time":0.03371079337,"remaining_time":0.5983665823},
{"learn":[0.4585543403],"iteration":16,"passed_time":0.03569632588,"remaining_time":0.5942388368},
{"learn":[0.4541001682],"iteration":17,"passed_time":0.03767526849,"remaining_time":0.590245873},
{"learn":[0.4507887583],"iteration":18,"passed_time":0.03970358042,"remaining_time":0.5871950577},
{"learn":[0.4477458891],"iteration":19,"passed_time":0.04170032278,"remaining_time":0.5838045189},
{"learn":[0.4438483534],"iteration":20,"passed_time":0.04368060536,"remaining_time":0.5803280427},
{"learn":[0.4407970836],"iteration":21,"passed_time":0.04570981728,"remaining_time":0.5776058728},
{"learn":[0.4368479939],"iteration":22,"passed_time":0.04767000014,"remaining_time":0.5741126104},
{"learn":[0.4336523451],"iteration":23,"passed_time":0.04964462281,"remaining_time":0.5709131623},
{"learn":[0.4302556394],"iteration":24,"passed_time":0.05156628621,"remaining_time":0.5672291483},
{"learn":[0.4263071771],"iteration":25,"passed_time":0.05349640949,"remaining_time":0.5637698539},
{"learn":[0.4228846072],"iteration":26,"passed_time":0.05550904163,"remaining_time":0.5612580876},
{"learn":[0.4212214254],"iteration":27,"passed_time":0.05742504511,"remaining_time":0.5578432954},
{"learn":[0.4185128727],"iteration":28,"passed_time":0.05934237857,"remaining_time":0.5545442963},
{"learn":[0.4170004487],"iteration":29,"passed_time":0.06133222103,"remaining_time":0.5519899892},
{"learn":[0.4149759708],"iteration":30,"passed_time":0.06326263431,"remaining_time":0.5489564074},
{"learn":[0.4124586453],"iteration":31,"passed_time":0.06519140761,"remaining_time":0.5459780387},
{"learn":[0.4115061343],"iteration":32,"passed_time":0.06714170061,"remaining_time":0.5432373959},
{"learn":[0.4102555236],"iteration":33,"passed_time":0.06917558246,"remaining_time":0.5411972039},
{"learn":[0.4079472723],"iteration":34,"passed_time":0.07109322591,"remaining_time":0.5382772819},
{"learn":[0.4067911947],"iteration":35,"passed_time":0.0730299991,"remaining_time":0.5355533268},
{"learn":[0.4054612487],"iteration":36,"passed_time":0.07503202139,"remaining_time":0.5333357196},
{"learn":[0.4035524622],"iteration":37,"passed_time":0.07697045456,"remaining_time":0.5306910288},
{"learn":[0.4020511926],"iteration":38,"passed_time":0.07895759705,"remaining_time":0.5284085341},
{"learn":[0.3996745163],"iteration":39,"passed_time":0.08091108001,"remaining_time":0.5259220201},
{"learn":[0.3987632765],"iteration":40,"passed_time":0.08284488324,"remaining_time":0.5233371893},
{"learn":[0.3976939238],"iteration":41,"passed_time":0.084812756,"remaining_time":0.520992644},
{"learn":[0.3963185239],"iteration":42,"passed_time":0.08673209944,"remaining_time":0.5183755711},
{"learn":[0.3946614072],"iteration":43,"passed_time":0.0887071621,"remaining_time":0.5161143977},
{"learn":[0.3939661432],"iteration":44,"passed_time":0.09068548471,"remaining_time":0.5138844134},
{"learn":[0.3928399034],"iteration":45,"passed_time":0.09261299803,"remaining_time":0.5113848152},
{"learn":[0.3916333524],"iteration":46,"passed_time":0.09455250119,"remaining_time":0.5089741021},
{"learn":[0.3907076815],"iteration":47,"passed_time":0.09649698427,"remaining_time":0.5066091674},
{"learn":[0.3895180014],"iteration":48,"passed_time":0.09842748755,"remaining_time":0.5041897831},
{"learn":[0.3877622385],"iteration":49,"passed_time":0.1003513409,"remaining_time":0.5017567046},
{"learn":[0.3864691716],"iteration":50,"passed_time":0.1022461047,"remaining_time":0.49920157},
{"learn":[0.3851314874],"iteration":51,"passed_time":0.1041880778,"remaining_time":0.4968969865},
{"learn":[0.3838365382],"iteration":52,"passed_time":0.1061012213,"remaining_time":0.4944717296},
{"learn":[0.3820636603],"iteration":53,"passed_time":0.1081070536,"remaining_time":0.4924876884},
{"learn":[0.3808954872],"iteration":54,"passed_time":0.1100080572,"remaining_time":0.4900358914},
{"learn":[0.3800197669],"iteration":55,"passed_time":0.1118921712,"remaining_time":0.4875301744},
{"learn":[0.3792529757],"iteration":56,"passed_time":0.1138104346,"remaining_time":0.4851918528},
{"learn":[0.3784640501],"iteration":57,"passed_time":0.115729508,"remaining_time":0.4828713957},
{"learn":[0.377964022],"iteration":58,"passed_time":0.1177018407,"remaining_time":0.4807820953},
{"learn":[0.3770885457],"iteration":59,"passed_time":0.1199586195,"remaining_time":0.479834478},
{"learn":[0.3765332687],"iteration":60,"passed_time":0.1220805101,"remaining_time":0.4783154414},
{"learn":[0.3758598602],"iteration":61,"passed_time":0.1240000836,"remaining_time":0.4760003208},
{"learn":[0.3753633526],"iteration":62,"passed_time":0.1259672263,"remaining_time":0.4738767086},
{"learn":[0.3743495974],"iteration":63,"passed_time":0.1279305392,"remaining_time":0.4717438632},
{"learn":[0.373188326],"iteration":64,"passed_time":0.1299476412,"remaining_time":0.4698107029},
{"learn":[0.3725819482],"iteration":65,"passed_time":0.131913564,"remaining_time":0.4676935452},
{"learn":[0.3722862187],"iteration":66,"passed_time":0.1338438873,"remaining_time":0.4654571006},
{"learn":[0.3718900305],"iteration":67,"passed_time":0.1358085501,"remaining_time":0.463346818},
{"learn":[0.3712359678],"iteration":68,"passed_time":0.1377581631,"remaining_time":0.4611903722},
{"learn":[0.3706166928],"iteration":69,"passed_time":0.1397050962,"remaining_time":0.4590310303},
{"learn":[0.3700856765],"iteration":70,"passed_time":0.1417729476,"remaining_time":0.4572676759},
{"learn":[0.3691029442],"iteration":71,"passed_time":0.1437862897,"remaining_time":0.4553232507},
{"learn":[0.3678159774],"iteration":72,"passed_time":0.1457065831,"remaining_time":0.453087594},
{"learn":[0.3666585751],"iteration":73,"passed_time":0.1476364764,"remaining_time":0.4508897792},
{"learn":[0.3657031013],"iteration":74,"passed_time":0.1495875594,"remaining_time":0.4487626781},
{"learn":[0.3648582646],"iteration":75,"passed_time":0.151564032,"remaining_time":0.4467150417},
{"learn":[0.3645632323],"iteration":76,"passed_time":0.1535391947,"remaining_time":0.4446654599},
{"learn":[0.3640098376],"iteration":77,"passed_time":0.1554859077,"remaining_time":0.4425368143},
{"learn":[0.3633573784],"iteration":78,"passed_time":0.1574612604,"remaining_time":0.440492893},
{"learn":[0.3627705206],"iteration":79,"passed_time":0.1594243532,"remaining_time":0.4384169713},
{"learn":[0.3616371351],"iteration":80,"passed_time":0.1613384267,"remaining_time":0.4362113019},
{"learn":[0.3609030749],"iteration":81,"passed_time":0.1632887397,"remaining_time":0.4341090885},
{"learn":[0.3604366841],"iteration":82,"passed_time":0.1652485326,"remaining_time":0.4320353202},
{"learn":[0.3597860374],"iteration":83,"passed_time":0.1672091255,"remaining_time":0.4299663226},
{"learn":[0.3593780674],"iteration":84,"passed_time":0.1691386987,"remaining_time":0.4278214145},
{"learn":[0.358520717],"iteration":85,"passed_time":0.1711024816,"remaining_time":0.4257666402},
{"learn":[0.358013055],"iteration":86,"passed_time":0.173021535,"remaining_time":0.4236044478},
{"learn":[0.3574037492],"iteration":87,"passed_time":0.174969968,"remaining_time":0.4215185593},
{"learn":[0.3562381206],"iteration":88,"passed_time":0.1768779416,"remaining_time":0.4193398391},
{"learn":[0.3554528899],"iteration":89,"passed_time":0.1787974151,"remaining_time":0.4171939685},
{"learn":[0.3548875043],"iteration":90,"passed_time":0.1807142785,"remaining_time":0.4150470792},
{"learn":[0.3543719298],"iteration":91,"passed_time":0.1827277506,"remaining_time":0.4131236102},
{"learn":[0.3539181573],"iteration":92,"passed_time":0.1846601439,"remaining_time":0.4110177396},
{"learn":[0.3535850608],"iteration":93,"passed_time":0.1866402565,"remaining_time":0.4090201366},
{"learn":[0.3528662681],"iteration":94,"passed_time":0.1886044193,"remaining_time":0.4069884838},
{"learn":[0.3520936557],"iteration":95,"passed_time":0.1905536923,"remaining_time":0.4049265962},
{"learn":[0.3513398315],"iteration":96,"passed_time":0.1925955641,"remaining_time":0.4030608196},
{"learn":[0.3508095123],"iteration":97,"passed_time":0.1945592269,"remaining_time":0.4010302431},
{"learn":[0.3503127956],"iteration":98,"passed_time":0.1964699804,"remaining_time":0.3988935966},
{"learn":[0.3499264371],"iteration":99,"passed_time":0.1983875339,"remaining_time":0.3967750678},
{"learn":[0.3492720956],"iteration":100,"passed_time":0.2003605066,"remaining_time":0.394769711},
{"learn":[0.3489769239],"iteration":101,"passed_time":0.2022899699,"remaining_time":0.3926805297},
{"learn":[0.3486033232],"iteration":102,"passed_time":0.2042248431,"remaining_time":0.390604797},
{"learn":[0.3481856629],"iteration":103,"passed_time":0.2061226768,"remaining_time":0.3884619678},
{"learn":[0.348004126],"iteration":104,"passed_time":0.2081465988,"remaining_time":0.3865579692},
{"learn":[0.3471713151],"iteration":105,"passed_time":0.2100453525,"remaining_time":0.3844226263},
{"learn":[0.3467065973],"iteration":106,"passed_time":0.2120398649,"remaining_time":0.3824644292},
{"learn":[0.3461299179],"iteration":107,"passed_time":0.2139491285,"remaining_time":0.3803540062},
{"learn":[0.3452645851],"iteration":108,"passed_time":0.2158678519,"remaining_time":0.3782638506},
{"learn":[0.3449315235],"iteration":109,"passed_time":0.2177833854,"remaining_time":0.3761713021},
{"learn":[0.3445461062],"iteration":110,"passed_time":0.2197020388,"remaining_time":0.3740872553},
{"learn":[0.3441646626],"iteration":111,"passed_time":0.2216518019,"remaining_time":0.3720583817},
{"learn":[0.3434817381],"iteration":112,"passed_time":0.2236206746,"remaining_time":0.3700625323},
{"learn":[0.3426699461],"iteration":113,"passed_time":0.2255594778,"remaining_time":0.3680180953},
{"learn":[0.3423740424],"iteration":114,"passed_time":0.2275074408,"remaining_time":0.3659902308},
{"learn":[0.3417931453],"iteration":115,"passed_time":0.2294505639,"remaining_time":0.3639560669},
{"learn":[0.3412419466],"iteration":116,"passed_time":0.2313771272,"remaining_time":0.361897558},
{"learn":[0.3405390837],"iteration":117,"passed_time":0.2333327102,"remaining_time":0.3598860445},
{"learn":[0.3402671269],"iteration":118,"passed_time":0.2353130927,"remaining_time":0.3579131915},
{"learn":[0.3399550843],"iteration":119,"passed_time":0.237245826,"remaining_time":0.355868739},
{"learn":[0.3394136107],"iteration":120,"passed_time":0.2391444997,"remaining_time":0.3537757475},
{"learn":[0.3390393129],"iteration":121,"passed_time":0.2410982327,"remaining_time":0.3517662739},
{"learn":[0.3382705],"iteration":122,"passed_time":0.2430209161,"remaining_time":0.3497130255},
{"learn":[0.3379210554],"iteration":123,"passed_time":0.2449638192,"remaining_time":0.347690582},
{"learn":[0.3372509236],"iteration":124,"passed_time":0.2468714928,"remaining_time":0.3456200899},
{"learn":[0.3368937407],"iteration":125,"passed_time":0.2488006561,"remaining_time":0.3435818584},
{"learn":[0.3365923992],"iteration":126,"passed_time":0.2507413892,"remaining_time":0.341561105},
{"learn":[0.3363318059],"iteration":127,"passed_time":0.2526996221,"remaining_time":0.3395651172},
{"learn":[0.3358061925],"iteration":128,"passed_time":0.2545995958,"remaining_time":0.3374924874},
{"learn":[0.3353740664],"iteration":129,"passed_time":0.2565094693,"remaining_time":0.3354354599},
{"learn":[0.3348054739],"iteration":130,"passed_time":0.2584657623,"remaining_time":0.3334405635},
{"learn":[0.3340014551],"iteration":131,"passed_time":0.2604146453,"remaining_time":0.3314368213},
{"learn":[0.3333922538],"iteration":132,"passed_time":0.2624385873,"remaining_time":0.3295281509},
{"learn":[0.3329017766],"iteration":133,"passed_time":0.2643855703,"remaining_time":0.3275224229},
{"learn":[0.3325192175],"iteration":134,"passed_time":0.2662783641,"remaining_time":0.3254513339},
{"learn":[0.3320812354],"iteration":135,"passed_time":0.2682122974,"remaining_time":0.3234324762},
{"learn":[0.3313832177],"iteration":136,"passed_time":0.2701282108,"remaining_time":0.3213934187},
{"learn":[0.331050156],"iteration":137,"passed_time":0.2720540442,"remaining_time":0.319367791},
{"learn":[0.3306433712],"iteration":138,"passed_time":0.2740771162,"remaining_time":0.3174562281},
{"learn":[0.3302627293],"iteration":139,"passed_time":0.2759717899,"remaining_time":0.3153963314},
{"learn":[0.3299460158],"iteration":140,"passed_time":0.2779461226,"remaining_time":0.3134286064},
{"learn":[0.3294051],"iteration":141,"passed_time":0.2798240766,"remaining_time":0.31135355},
{"learn":[0.3290831578],"iteration":142,"passed_time":0.281819589,"remaining_time":0.309410318},
{"learn":[0.3287167029],"iteration":143,"passed_time":0.2837207827,"remaining_time":0.3073641812},
{"learn":[0.3284312912],"iteration":144,"passed_time":0.2856847855,"remaining_time":0.3053871845},
{"learn":[0.3280539608],"iteration":145,"passed_time":0.2875858992,"remaining_time":0.3033440306},
{"learn":[0.3276368233],"iteration":146,"passed_time":0.2895048226,"remaining_time":0.301321346},
{"learn":[0.3272258556],"iteration":147,"passed_time":0.2914353259,"remaining_time":0.2993119563},
{"learn":[0.3263693765],"iteration":148,"passed_time":0.2933457295,"remaining_time":0.297283256},
{"learn":[0.3259657986],"iteration":149,"passed_time":0.2953630915,"remaining_time":0.2953630915},
{"learn":[0.3256484227],"iteration":150,"passed_time":0.2972734451,"remaining_time":0.2933360485},
{"learn":[0.3252026325],"iteration":151,"passed_time":0.2992167682,"remaining_time":0.2913426427},
{"learn":[0.3246773677],"iteration":152,"passed_time":0.3011651112,"remaining_time":0.2893547147},
{"learn":[0.3242241529],"iteration":153,"passed_time":0.303061565,"remaining_time":0.287318107},
{"learn":[0.3231091371],"iteration":154,"passed_time":0.3049997581,"remaining_time":0.2853223544},
{"learn":[0.3223470517],"iteration":155,"passed_time":0.3069328514,"remaining_time":0.283322632},
{"learn":[0.3214700417],"iteration":156,"passed_time":0.3088620547,"remaining_time":0.2813202154},
{"learn":[0.320871193],"iteration":157,"passed_time":0.3107705083,"remaining_time":0.279300077},
{"learn":[0.3206693343],"iteration":158,"passed_time":0.312737741,"remaining_time":0.2773334685},
{"learn":[0.3204155382],"iteration":159,"passed_time":0.3147494232,"remaining_time":0.2754057453},
{"learn":[0.3197532841],"iteration":160,"passed_time":0.3167189359,"remaining_time":0.273440572},
{"learn":[0.3191588623],"iteration":161,"passed_time":0.3186171796,"remaining_time":0.2714146345},
{"learn":[0.3188008777],"iteration":162,"passed_time":0.3205800025,"remaining_time":0.269444542},
{"learn":[0.3180811091],"iteration":163,"passed_time":0.3225748149,"remaining_time":0.267501066},
{"learn":[0.3178568371],"iteration":164,"passed_time":0.3245469676,"remaining_time":0.265538428},
{"learn":[0.3175837998],"iteration":165,"passed_time":0.3265700796,"remaining_time":0.2636168112},
{"learn":[0.3168594996],"iteration":166,"passed_time":0.3285348624,"remaining_time":0.2616475251},
{"learn":[0.3163593669],"iteration":167,"passed_time":0.330512375,"remaining_time":0.2596882946},
{"learn":[0.3158077151],"iteration":168,"passed_time":0.332391279,"remaining_time":0.2576524115},
{"learn":[0.3149005535],"iteration":169,"passed_time":0.3343622317,"remaining_time":0.2556887654},
{"learn":[0.3145352837],"iteration":170,"passed_time":0.3362809951,"remaining_time":0.253685663},
{"learn":[0.3140367892],"iteration":171,"passed_time":0.3382119284,"remaining_time":0.2516925979},
{"learn":[0.3135308005],"iteration":172,"passed_time":0.340191241,"remaining_time":0.2497357665},
{"learn":[0.3130249511],"iteration":173,"passed_time":0.3421210643,"remaining_time":0.2477428397},
{"learn":[0.3123826006],"iteration":174,"passed_time":0.3440245479,"remaining_time":0.24573182},
{"learn":[0.3119930701],"iteration":175,"passed_time":0.3459380815,"remaining_time":0.2437291028},
{"learn":[0.3111608517],"iteration":176,"passed_time":0.3478629048,"remaining_time":0.2417352389},
{"learn":[0.310786519],"iteration":177,"passed_time":0.3497822982,"remaining_time":0.2397384291},
{"learn":[0.3105519642],"iteration":178,"passed_time":0.3517843405,"remaining_time":0.2377983531},
{"learn":[0.3099734373],"iteration":179,"passed_time":0.3537050439,"remaining_time":0.2358033626},
{"learn":[0.3097727638],"iteration":180,"passed_time":0.3556241774,"remaining_time":0.2338081608},
{"learn":[0.3095261831],"iteration":181,"passed_time":0.3575550707,"remaining_time":0.2318214194},
{"learn":[0.3090662757],"iteration":182,"passed_time":0.3595251734,"remaining_time":0.2298603568},
{"learn":[0.3083922747],"iteration":183,"passed_time":0.3615125759,"remaining_time":0.2279101022},
{"learn":[0.3079463103],"iteration":184,"passed_time":0.3634193795,"remaining_time":0.225909344},
{"learn":[0.3075958897],"iteration":185,"passed_time":0.3653546827,"remaining_time":0.2239270636},
{"learn":[0.3074160957],"iteration":186,"passed_time":0.3672472065,"remaining_time":0.2219194349},
{"learn":[0.3071899414],"iteration":187,"passed_time":0.369236169,"remaining_time":0.2199704836},
{"learn":[0.3065087946],"iteration":188,"passed_time":0.3711527224,"remaining_time":0.217978583},
{"learn":[0.3060694531],"iteration":189,"passed_time":0.3731890442,"remaining_time":0.2160568151},
{"learn":[0.3053919663],"iteration":190,"passed_time":0.3751890066,"remaining_time":0.214113098},
{"learn":[0.3050966551],"iteration":191,"passed_time":0.3771680192,"remaining_time":0.2121570108},
{"learn":[0.3048392339],"iteration":192,"passed_time":0.3791441718,"remaining_time":0.2101991004},
{"learn":[0.304053306],"iteration":193,"passed_time":0.3811003947,"remaining_time":0.2082301126},
{"learn":[0.303697866],"iteration":194,"passed_time":0.3830851773,"remaining_time":0.2062766339},
{"learn":[0.3032371569],"iteration":195,"passed_time":0.3850561,"remaining_time":0.2043154816},
{"learn":[0.3025398712],"iteration":196,"passed_time":0.3869721035,"remaining_time":0.202325516},
{"learn":[0.3020343007],"iteration":197,"passed_time":0.3888697272,"remaining_time":0.2003268292},
{"learn":[0.3017142757],"iteration":198,"passed_time":0.3908239401,"remaining_time":0.1983578792},
{"learn":[0.3013055737],"iteration":199,"passed_time":0.3927768031,"remaining_time":0.1963884016},
{"learn":[0.3006861592],"iteration":200,"passed_time":0.394737766,"remaining_time":0.1944230788},
{"learn":[0.3002629915],"iteration":201,"passed_time":0.3966605593,"remaining_time":0.1924392813},
{"learn":[0.2996328409],"iteration":202,"passed_time":0.3986260521,"remaining_time":0.190476488},
{"learn":[0.2994569858],"iteration":203,"passed_time":0.400660504,"remaining_time":0.1885461195},
{"learn":[0.2990021676],"iteration":204,"passed_time":0.4026372066,"remaining_time":0.1865879738},
{"learn":[0.29863146],"iteration":205,"passed_time":0.4045717498,"remaining_time":0.1846104101},
{"learn":[0.2979087982],"iteration":206,"passed_time":0.4065037831,"remaining_time":0.1826321344},
{"learn":[0.297466668],"iteration":207,"passed_time":0.4085048054,"remaining_time":0.1806848178},
{"learn":[0.2971641066],"iteration":208,"passed_time":0.4105177675,"remaining_time":0.1787421859},
{"learn":[0.2966203325],"iteration":209,"passed_time":0.4124679305,"remaining_time":0.1767719702},
{"learn":[0.2959524663],"iteration":210,"passed_time":0.4143694942,"remaining_time":0.1747814454},
{"learn":[0.2953028654],"iteration":211,"passed_time":0.4162891576,"remaining_time":0.172799273},
{"learn":[0.2949341448],"iteration":212,"passed_time":0.4182510805,"remaining_time":0.1708349484},
{"learn":[0.2942202321],"iteration":213,"passed_time":0.4202523328,"remaining_time":0.1688864515},
{"learn":[0.2940192797],"iteration":214,"passed_time":0.4222072157,"remaining_time":0.1669191318},
{"learn":[0.2933501587],"iteration":215,"passed_time":0.4241209992,"remaining_time":0.1649359441},
{"learn":[0.2928968045],"iteration":216,"passed_time":0.4260375727,"remaining_time":0.1629544633},
{"learn":[0.2923289092],"iteration":217,"passed_time":0.427966666,"remaining_time":0.1609782872},
{"learn":[0.2920877488],"iteration":218,"passed_time":0.4299072691,"remaining_time":0.1590067982},
{"learn":[0.2917473846],"iteration":219,"passed_time":0.4318364224,"remaining_time":0.1570314263},
{"learn":[0.2914018615],"iteration":220,"passed_time":0.4337825155,"remaining_time":0.1550625282},
{"learn":[0.2910363825],"iteration":221,"passed_time":0.4356796592,"remaining_time":0.153076637},
{"learn":[0.2909005087],"iteration":222,"passed_time":0.4376753116,"remaining_time":0.151125556},
{"learn":[0.2906688644],"iteration":223,"passed_time":0.4396288446,"remaining_time":0.1491597866},
{"learn":[0.2903947291],"iteration":224,"passed_time":0.4416135071,"remaining_time":0.1472045024},
{"learn":[0.2899482592],"iteration":225,"passed_time":0.4435483903,"remaining_time":0.1452326588},
{"learn":[0.2897670883],"iteration":226,"passed_time":0.445447954,"remaining_time":0.1432497826},
{"learn":[0.2894603091],"iteration":227,"passed_time":0.4473794373,"remaining_time":0.141277717},
{"learn":[0.2891855812],"iteration":228,"passed_time":0.4493333902,"remaining_time":0.1393129725},
{"learn":[0.289025255],"iteration":229,"passed_time":0.4512817433,"remaining_time":0.1373466175},
{"learn":[0.2887250463],"iteration":230,"passed_time":0.4543819304,"remaining_time":0.1357244727},
{"learn":[0.2884914326],"iteration":231,"passed_time":0.4563640629,"remaining_time":0.1337618805},
{"learn":[0.2882529389],"iteration":232,"passed_time":0.4582945562,"remaining_time":0.1317842715},
{"learn":[0.2876732095],"iteration":233,"passed_time":0.4602201995,"remaining_time":0.1298056973},
{"learn":[0.2870773586],"iteration":234,"passed_time":0.4622025721,"remaining_time":0.1278432646},
{"learn":[0.2866819546],"iteration":235,"passed_time":0.4641223655,"remaining_time":0.1258636923},
{"learn":[0.2861650032],"iteration":236,"passed_time":0.4660629587,"remaining_time":0.1238901536},
{"learn":[0.2856625525],"iteration":237,"passed_time":0.4680159016,"remaining_time":0.1219201088},
{"learn":[0.2852740677],"iteration":238,"passed_time":0.4699754245,"remaining_time":0.1199518866},
{"learn":[0.2849552453],"iteration":239,"passed_time":0.4718766082,"remaining_time":0.117969152},
{"learn":[0.2844534394],"iteration":240,"passed_time":0.4737958816,"remaining_time":0.1159915229},
{"learn":[0.2841936479],"iteration":241,"passed_time":0.4757409647,"remaining_time":0.1140205618},
{"learn":[0.2835565433],"iteration":242,"passed_time":0.4776849378,"remaining_time":0.1120495533},
{"learn":[0.2833607149],"iteration":243,"passed_time":0.4796401607,"remaining_time":0.1100813484},
{"learn":[0.2831723808],"iteration":244,"passed_time":0.4815459043,"remaining_time":0.1081021418},
{"learn":[0.2829752627],"iteration":245,"passed_time":0.4835156171,"remaining_time":0.1061375745},
{"learn":[0.2827611517],"iteration":246,"passed_time":0.4854941097,"remaining_time":0.1041748494},
{"learn":[0.2824305824],"iteration":247,"passed_time":0.4874513326,"remaining_time":0.1022075375},
{"learn":[0.2822970788],"iteration":248,"passed_time":0.4894722846,"remaining_time":0.1002533595},
{"learn":[0.2818143051],"iteration":249,"passed_time":0.4914049779,"remaining_time":0.09828099557},
{"learn":[0.2815340871],"iteration":250,"passed_time":0.493348081,"remaining_time":0.09631097995},
{"learn":[0.2810016416],"iteration":251,"passed_time":0.4952753043,"remaining_time":0.0943381532},
{"learn":[0.280423934],"iteration":252,"passed_time":0.4972172874,"remaining_time":0.09236842889},
{"learn":[0.2796713645],"iteration":253,"passed_time":0.4991174211,"remaining_time":0.09039134398},
{"learn":[0.2795054612],"iteration":254,"passed_time":0.5011298533,"remaining_time":0.08843467999},
{"learn":[0.2790415452],"iteration":255,"passed_time":0.5030919461,"remaining_time":0.08646892824},
{"learn":[0.2786215494],"iteration":256,"passed_time":0.5050386192,"remaining_time":0.08450062499},
{"learn":[0.2783038076],"iteration":257,"passed_time":0.5069792823,"remaining_time":0.08253151107},
{"learn":[0.2778795418],"iteration":258,"passed_time":0.509021914,"remaining_time":0.08057875859},
{"learn":[0.2775529287],"iteration":259,"passed_time":0.5109389875,"remaining_time":0.07860599807},
{"learn":[0.2771145109],"iteration":260,"passed_time":0.5128821406,"remaining_time":0.07663756124},
{"learn":[0.2767962462],"iteration":261,"passed_time":0.5147723944,"remaining_time":0.07466164499},
{"learn":[0.2763683726],"iteration":262,"passed_time":0.5167116076,"remaining_time":0.07269326799},
{"learn":[0.2758467504],"iteration":263,"passed_time":0.5186089413,"remaining_time":0.07071940109},
{"learn":[0.2754637556],"iteration":264,"passed_time":0.5205463345,"remaining_time":0.06875140267},
{"learn":[0.2748976554],"iteration":265,"passed_time":0.5224765078,"remaining_time":0.06678271152},
{"learn":[0.2747958721],"iteration":266,"passed_time":0.5245275894,"remaining_time":0.06482925262},
{"learn":[0.2743387707],"iteration":267,"passed_time":0.526503722,"remaining_time":0.06286611606},
{"learn":[0.2741333914],"iteration":268,"passed_time":0.5284710048,"remaining_time":0.06090186301},
{"learn":[0.2739999925],"iteration":269,"passed_time":0.530408128,"remaining_time":0.05893423644},
{"learn":[0.2737389112],"iteration":270,"passed_time":0.5323356413,"remaining_time":0.05696580663},
{"learn":[0.2733825126],"iteration":271,"passed_time":0.5342930242,"remaining_time":0.05500075249},
{"learn":[0.2729989079],"iteration":272,"passed_time":0.536258667,"remaining_time":0.05303657146},
{"learn":[0.2726676762],"iteration":273,"passed_time":0.5382578393,"remaining_time":0.0510755614},
{"learn":[0.2723532633],"iteration":274,"passed_time":0.540232912,"remaining_time":0.04911208291},
{"learn":[0.2719236294],"iteration":275,"passed_time":0.5421698352,"remaining_time":0.04714520306},
{"learn":[0.2715407393],"iteration":276,"passed_time":0.5441130083,"remaining_time":0.04517905845},
{"learn":[0.2710330948],"iteration":277,"passed_time":0.5460540414,"remaining_time":0.04321290975},
{"learn":[0.2708319855],"iteration":278,"passed_time":0.5481018431,"remaining_time":0.04125497744},
{"learn":[0.2704975644],"iteration":279,"passed_time":0.5501018354,"remaining_time":0.03929298824},
{"learn":[0.2702660073],"iteration":280,"passed_time":0.5520698981,"remaining_time":0.03732856963},
{"learn":[0.269946174],"iteration":281,"passed_time":0.5540049914,"remaining_time":0.03536202072},
{"learn":[0.2695516067],"iteration":282,"passed_time":0.5560453231,"remaining_time":0.03340201588},
{"learn":[0.2689465534],"iteration":283,"passed_time":0.5579961561,"remaining_time":0.03143640316},
{"learn":[0.2684971381],"iteration":284,"passed_time":0.5599408992,"remaining_time":0.02947057364},
{"learn":[0.2681658193],"iteration":285,"passed_time":0.5618784524,"remaining_time":0.02750453963},
{"learn":[0.2678478858],"iteration":286,"passed_time":0.5637991658,"remaining_time":0.02553794131},
{"learn":[0.2675649489],"iteration":287,"passed_time":0.5657511888,"remaining_time":0.0235729662},
{"learn":[0.2669253172],"iteration":288,"passed_time":0.5676925019,"remaining_time":0.02160767308},
{"learn":[0.2665523788],"iteration":289,"passed_time":0.5697249638,"remaining_time":0.01964568841},
{"learn":[0.2661496374],"iteration":290,"passed_time":0.5717222061,"remaining_time":0.01768213009},
{"learn":[0.2660280028],"iteration":291,"passed_time":0.5737126786,"remaining_time":0.01571815558},
{"learn":[0.2655836941],"iteration":292,"passed_time":0.5756860312,"remaining_time":0.01375359119},
{"learn":[0.2652806446],"iteration":293,"passed_time":0.577652554,"remaining_time":0.01178882763},
{"learn":[0.2649509641],"iteration":294,"passed_time":0.5795967571,"remaining_time":0.009823673849},
{"learn":[0.264605929],"iteration":295,"passed_time":0.5815026607,"remaining_time":0.007858144064},
{"learn":[0.2642118322],"iteration":296,"passed_time":0.5834451538,"remaining_time":0.005893385392},
{"learn":[0.2639210525],"iteration":297,"passed_time":0.5854057667,"remaining_time":0.003928897763},
{"learn":[0.2634748615],"iteration":298,"passed_time":0.5873548997,"remaining_time":0.001964397658},
{"learn":[0.2631527102],"iteration":299,"passed_time":0.5892690632,"remaining_time":0}
]}